,site_id,site_name,site_category,year,season,period,expected_months_in_season,observed_rows_in_season,missing_rows_in_season,min_valid_months_required,B2_n_valid_months,B2,B3_n_valid_months,B3,B4_n_valid_months,B4,B5_n_valid_months,B5,B6_n_valid_months,B6,B7_n_valid_months,B7,B8_n_valid_months,B8,B8A_n_valid_months,B8A,B11_n_valid_months,B11,B12_n_valid_months,B12,NDVI_n_valid_months,NDVI,EVI_n_valid_months,EVI,NDWI_n_valid_months,NDWI,MNDWI_n_valid_months,MNDWI,SAVI_n_valid_months,SAVI,NDMI_n_valid_months,NDMI,NBR_n_valid_months,NBR,NIRv_n_valid_months,NIRv,NDRE_n_valid_months,NDRE
0,degraded_1,degraded_1,degraded,2019,dry,current,4,4,0,3,4,0.059108097772009545,4,0.08123689433780587,4,0.06587161354733323,4,0.11400335205259046,4,0.2208723683760303,4,0.258304888686039,4,0.25817034672697015,4,0.2844752424423831,4,0.19845251609464512,4,0.11110214805534663,4,0.5907075214465851,4,0.3904868035744944,4,-0.5130057120352977,4,-0.40047629028419157,4,0.3407402564723207,4,0.14122953941045208,4,0.4162041373318152,4,0.1548753503582945,4,0.4276123121757008
1,degraded_1,degraded_1,degraded,2019,wet,current,3,3,0,2,2,0.0614069339780355,2,0.0901849446746731,2,0.08740948427928835,2,0.13702636115921552,2,0.23707721987419178,2,0.27686644379227177,2,0.27799580048695005,2,0.31012088469656973,2,0.2741029209593401,2,0.17750423274257043,2,0.5140984419649692,2,0.34862649614015373,2,-0.5000682812610879,2,-0.494850339660468,2,0.32020162051582146,2,0.011634421531706301,2,0.2352418485962806,2,0.14514224562912664,2,0.3821788374857127
2,degraded_1,degraded_1,degraded,2020,dry,current,4,4,0,3,4,0.06205315597692848,4,0.0837016729720168,4,0.07592392458269755,4,0.12227999696897568,4,0.2272857731446061,4,0.2686196955940585,4,0.2717353288172164,4,0.29580439263478264,4,0.2664382030248983,4,0.1690198499639158,4,0.5629852715926789,4,0.3813049830989429,4,-0.5243340630022228,4,-0.5093939285662088,4,0.3377518200460039,4,0.019835333430616126,4,0.25157350819701096,4,0.15480575879708308,4,0.4141270715483014
3,degraded_1,degraded_1,degraded,2020,wet,current,3,3,0,2,3,0.0611646898492381,3,0.0881110573733966,3,0.0908031454720285,3,0.1383938986947869,3,0.225109022192724,3,0.258639221415045,3,0.2555860430550412,3,0.2884579450403727,3,0.277769999971031,3,0.17408474200559373,3,0.4881295398173712,3,0.3103771328383405,3,-0.48589606667857826,3,-0.5033661731872221,3,0.29114884762297916,3,-0.016153752122065032,3,0.2194563310677701,3,0.12757611182289177,3,0.357433619503218
4,degraded_1,degraded_1,degraded,2021,dry,current,4,4,0,3,4,0.05532991354658107,4,0.08129944670385118,4,0.07211653516237262,4,0.1231882337672068,4,0.23557674470142737,4,0.27720234903281443,4,0.2817614180733633,4,0.30783864125529303,4,0.25559019290736784,4,0.15749950068958454,4,0.5921353270542071,4,0.40271374399414933,4,-0.549703162335629,4,-0.5088078767086216,4,0.3620929270835039,4,0.056067047745519655,4,0.298176024227629,4,0.16903291768405265,4,0.4289786762731611
5,degraded_1,degraded_1,degraded,2021,wet,current,3,3,0,2,3,0.0631466080305131,3,0.09072446959523367,3,0.09575730916086807,3,0.14319174994584163,3,0.23238731751789996,3,0.2694843900752381,3,0.2703871060661868,3,0.30213854634972576,3,0.31850259910392364,3,0.21004085575459655,3,0.4844893782587493,3,0.31868282372117923,3,-0.4957110115096881,3,-0.5488937698570812,3,0.2981086866096452,3,-0.066598819182036,3,0.14614467432304565,3,0.13176664198725316,3,0.3617098353044888
6,degraded_1,degraded_1,degraded,2022,dry,current,4,4,0,3,3,0.0660765532950206,3,0.08516297833294456,3,0.07349394105085784,3,0.12220142301965127,3,0.22965414687539232,3,0.26995378882036747,3,0.2736088255783377,3,0.29812051748918794,3,0.23418004502643833,3,0.1449253900578229,3,0.5751996189120755,3,0.40432686799774986,3,-0.5205884221063989,3,-0.4409512091708881,3,0.34629720842183837,3,0.09564832151391361,3,0.3329761155650304,3,0.15988095805111938,3,0.41821382255611944
7,degraded_1,degraded_1,degraded,2022,wet,current,3,3,0,2,3,0.07659676345422493,3,0.10162920061201701,3,0.11591168440121048,3,0.1615975022368983,3,0.2312317952225317,3,0.2635027477171317,3,0.2648777997361877,3,0.29878216100822785,3,0.3418659509935318,3,0.23213593136531677,3,0.40332734283408583,3,0.2729845163356408,3,-0.4432382600355634,3,-0.5237215762696898,3,0.252456439907005,3,-0.10349391133945628,3,0.09889831137030207,3,0.10754465183951954,3,0.3049488736639194
8,degraded_1,degraded_1,degraded,2023,dry,current,4,4,0,3,4,0.059324472311518495,4,0.08090000112464348,4,0.06442630429930532,4,0.11806126452433863,4,0.23682951709856204,4,0.278629662788841,4,0.2800981998241298,4,0.30749346192690563,4,0.21393712012807062,4,0.1180189172640003,4,0.6204770422326105,4,0.4334633873956606,4,-0.5415566865892754,4,-0.43265846450775436,4,0.37251511952434385,4,0.14173334622653833,4,0.4176203429452719,4,0.17683078305347477,4,0.4440860428075464
9,degraded_1,degraded_1,degraded,2023,wet,current,3,3,0,2,3,0.057269686789304296,3,0.07895491142683357,3,0.07706600571243623,3,0.12226780350957826,3,0.20932230256317777,3,0.24294323633679651,3,0.2418170286873206,3,0.27047166747076323,3,0.25484964863800613,3,0.16043136117049517,3,0.5123039680937569,3,0.3174335811848407,3,-0.4969372020824406,3,-0.5109265295302255,3,0.29010386596303644,3,-0.017114624338159273,3,0.2239356987440186,3,0.1278690988116965,3,0.37616145493512265
10,degraded_1,degraded_1,degraded,2024,dry,current,4,4,0,3,3,0.0697411621394353,3,0.0915970585209717,3,0.08417328514636137,3,0.13876325333268094,3,0.24180654696941498,3,0.27925694843905974,3,0.282874807791131,3,0.3102735098356649,3,0.27881057770070033,3,0.17201337779949688,3,0.539940842532569,3,0.38747491553707986,3,-0.5045204647753324,3,-0.49286796879435424,3,0.33708734807739393,3,0.017366781882300033,3,0.2587532522802913,3,0.15562608531518365,3,0.3818991054568388
11,degraded_1,degraded_1,degraded,2024,wet,current,3,3,0,2,3,0.05537708567169066,3,0.08404544210781593,3,0.0725668547010014,3,0.1326593286777219,3,0.2616402009681786,3,0.30533443957756157,3,0.3011490383315343,3,0.33773765962530494,3,0.2536301435098648,3,0.1473968101765313,3,0.6104081603868786,3,0.4319123575844764,3,-0.5586999640586324,3,-0.4909224035323156,3,0.3893313876733295,3,0.096633652847,3,0.3579340162339683,3,0.1880453812286088,3,0.43422021508406344
12,degraded_1,degraded_1,degraded,2025,dry,current,4,4,0,3,4,0.06813562074567155,4,0.08913439378399578,4,0.0739559344891466,4,0.13448463488096324,4,0.24646844725613276,4,0.28398442025171416,4,0.28518997136851565,4,0.31497790804066844,4,0.23064071649038181,4,0.1280195588349073,4,0.581880918873584,4,0.4295059125983284,4,-0.5162900900576516,4,-0.4234922668710423,4,0.3594571177210292,4,0.11572065660779769,4,0.391906205677586,4,0.16874425421233646,4,0.3997131614308157
13,degraded_1,degraded_1,degraded,2025,wet,current,3,3,0,2,3,0.05304820242466644,3,0.07875753006510562,3,0.07161567634773443,3,0.13049638796666096,3,0.2356084384029278,3,0.27128807632684565,3,0.26825245464033837,3,0.30295893547600206,3,0.2520600121397858,3,0.14616486075730226,3,0.5747125276162005,3,0.37655367501361203,3,-0.5383528434849949,3,-0.5128036750657367,3,0.3457606314553545,3,0.04198657765864674,3,0.3093138570397431,3,0.15795562282440992,3,0.39549926082154624
14,degraded_2,degraded_2,degraded,2019,dry,current,4,4,0,3,4,0.04958234987364123,4,0.0759325190291215,4,0.059380429253834,4,0.11848712392164337,4,0.2352367935908297,4,0.27295707860313095,4,0.2740343869265419,4,0.30156047563459454,4,0.2074637252677464,4,0.11752354982079972,4,0.6442110256101593,4,0.4213353428722014,4,-0.5624402327233793,4,-0.4555350375418481,4,0.3792520516471162,4,0.14491677509429945,4,0.4110963534184443,4,0.17800108978439122,4,0.4371580285575257
15,degraded_2,degraded_2,degraded,2019,wet,current,3,3,0,2,2,0.0616393755880243,2,0.0834780295410273,2,0.09057797381645515,2,0.13180777218865294,2,0.197798624458811,2,0.2284304003508233,2,0.2309322866761,2,0.2592098290949727,2,0.30513566882430965,2,0.22700609317360526,2,0.43181623803671426,2,0.26339041665537377,2,-0.4576806397851644,2,-0.5593662953611963,2,0.2487273425076978,2,-0.13067067852926006,2,0.029229182565653898,2,0.10330087647783684,2,0.3226117663761793
16,degraded_2,degraded_2,degraded,2020,dry,current,4,4,0,3,4,0.05156258791464158,4,0.07506138538153202,4,0.06605495934108666,4,0.11966146014246273,4,0.221420831574481,4,0.25858235091551346,4,0.26226626071565606,4,0.28807403203854975,4,0.24049504038490876,4,0.14782578039694247,4,0.599023438711808,4,0.3832711592082179,4,-0.5536813046492858,4,-0.5194938177814722,4,0.3511674690614321,4,0.049306608550671226,4,0.29169632877474627,4,0.15811963395972967,4,0.414158783053567
17,degraded_2,degraded_2,degraded,2020,wet,current,3,3,0,2,3,0.041276668192254236,3,0.0670993502697521,3,0.0524436109670372,3,0.10823007396135532,3,0.22332423527929066,3,0.26087448249046874,3,0.2564315566572597,3,0.2890950333983953,3,0.19186176778579256,3,0.10520647669043104,3,0.6490668421248414,3,0.39905567391703417,3,-0.5747283512126476,3,-0.47495530987199785,3,0.3698433021209688,3,0.1427192004108667,3,0.4182360785252395,3,0.17076924732141283,3,0.4466017575344991
18,degraded_2,degraded_2,degraded,2021,dry,current,4,4,0,3,4,0.07882813192278856,4,0.10343494427319336,4,0.11017653584653403,4,0.15651445262009078,4,0.22580547958711958,4,0.2547208727626521,4,0.25859864261856225,4,0.286408358045667,4,0.33659231351645974,4,0.25447874870480036,4,0.4106451797936592,4,0.27854301795593356,4,-0.4277690224043136,4,-0.5208437126471724,4,0.253063785834756,4,-0.114711230410143,4,0.0442388436914577,4,0.10804338924982326,4,0.29629359730548255
19,degraded_2,degraded_2,degraded,2021,wet,current,3,3,0,2,3,0.0641195608895583,3,0.08963986659594249,3,0.09868826076687105,3,0.1434457501818719,3,0.21441080917038216,3,0.24559432116311553,3,0.2471222641168195,3,0.2777036967797582,3,0.3253126860051265,3,0.2418274025350016,3,0.4321814296790499,3,0.2713108973764305,3,-0.4638632423273286,3,-0.562445231688276,3,0.2584801075754389,3,-0.12283259679332542,3,0.03865013031463347,3,0.10865287215569713,3,0.3181535314776716
20,degraded_2,degraded_2,degraded,2022,dry,current,4,4,0,3,4,0.07641303914494885,4,0.09951585221596834,4,0.09938407704206222,4,0.14664723292748041,4,0.22983447228606463,4,0.26253340253322494,4,0.2662376120333015,4,0.2882606747369021,4,0.2752350787718967,4,0.20112199799846708,4,0.45531151311238216,4,0.32070875796226617,4,-0.4455931583771672,4,-0.4400521030445669,4,0.2818989749960567,4,0.007223360429240242,4,0.19471940309875568,4,0.12629243306613713,4,0.3212890728653854
21,degraded_2,degraded_2,degraded,2022,wet,current,3,3,0,2,3,0.09374389055743797,3,0.11660633246166234,3,0.13570387243813242,3,0.17548368609093276,3,0.22616038390013352,3,0.25381623266171244,3,0.2539863263972369,3,0.2849679620900482,3,0.3973178713435395,3,0.3356087275791739,3,0.3080889620306228,3,0.21773899966015978,3,-0.36743055185102497,3,-0.5367301018013579,3,0.19808237379536933,3,-0.20729613653861315,3,-0.10992231320944833,3,0.08103039648952766,3,0.23912330394855189
22,degraded_2,degraded_2,degraded,2023,dry,current,4,4,0,3,4,0.066365892855621,4,0.0921660301095559,4,0.07870399325320997,4,0.13546763450147317,4,0.2471825150157519,4,0.2847377165717435,4,0.28576616003169864,4,0.31688324245153054,4,0.24734177559873913,4,0.14439520345791804,4,0.5657859225054235,4,0.40531956619753085,4,-0.5065463183603434,4,-0.4450446023637047,4,0.3514049858172116,4,0.08037641977409016,4,0.34408171818380656,4,0.1629214500790857,4,0.4002224085447109
23,degraded_2,degraded_2,degraded,2023,wet,current,3,3,0,2,3,0.06037282865163143,3,0.08914400401772389,3,0.0871411325738749,3,0.13895379613622094,3,0.2363877560162363,3,0.2730401293441741,3,0.27106794824811886,3,0.30389271308814786,3,0.2817992941614678,3,0.18558617159169236,3,0.5187574491773738,3,0.3421586566535683,3,-0.5024417726406888,3,-0.5068961834434598,3,0.3162001487176569,3,-0.0030733362647008683,3,0.2218329097170133,3,0.14267454894614798,3,0.37479520386718895
24,degraded_2,degraded_2,degraded,2024,dry,current,4,4,0,3,3,0.06683563798724233,3,0.09084730971871413,3,0.07975216489200525,3,0.1363631804763338,3,0.2433078732188628,3,0.28010068660766896,3,0.2816004988034501,3,0.31039027054417867,3,0.2632672251996592,3,0.15761268040707183,3,0.5555335249186162,3,0.3931194113157362,3,-0.5041100566908863,3,-0.46913177445896115,3,0.34091321842400313,3,0.0463048805308973,3,0.30234267905168916,3,0.1591222360569152,3,0.38851716118678703
25,degraded_2,degraded_2,degraded,2024,wet,current,3,3,0,2,3,0.05708397881245556,3,0.08570141012299787,3,0.08324584205575065,3,0.13957480789086896,3,0.24226742507494156,3,0.2789206045563077,3,0.2772175354126772,3,0.31137642481445077,3,0.29747804222392293,3,0.1855429228499664,3,0.5378924596798985,3,0.3587090887703939,3,-0.5212043352017122,3,-0.5449587631147996,3,0.33472788979449525,3,-0.02675491533050221,3,0.21061574863698526,3,0.15307436410380104,3,0.37938891876008235
26,degraded_2,degraded_2,degraded,2025,dry,current,4,4,0,3,4,0.07110744758780178,4,0.09427047892885826,4,0.07736448424201442,4,0.14045040848734147,4,0.24629317813846152,4,0.27875964692945465,4,0.28133042698919464,4,0.30768657982575753,4,0.23653310407159533,4,0.13877478270937116,4,0.5610411194598997,4,0.4161022884251948,4,-0.48871222577415996,4,-0.40394028079081357,4,0.3486696505622963,4,0.1009576231112433,4,0.3551202224534774,4,0.16031143949522597,4,0.3695780846052629
27,degraded_2,degraded_2,degraded,2025,wet,current,3,3,0,2,3,0.0520355061161524,3,0.07701398925911097,3,0.07488757862997654,3,0.1292425632636758,3,0.2116583807954304,3,0.23749108728895815,3,0.23550152966566637,3,0.26356452688394166,3,0.27738650644412877,3,0.19220797421268784,3,0.49766649455161777,3,0.3070701049745428,3,-0.4855756817107639,3,-0.5510999980407485,3,0.29052915647848604,3,-0.0804056085150836,3,0.11328145558879447,3,0.1278766380607583,3,0.3288080460935516
28,degraded_3,degraded_3,degraded,2019,dry,current,4,4,0,3,4,0.055785715023075395,4,0.07899622435559432,4,0.06622582116944639,4,0.1193615925815906,4,0.2389490862287386,4,0.27783418818496214,4,0.2780420376560896,4,0.3048868733137646,4,0.22158409723691913,4,0.13129839997247467,4,0.6149699486093543,4,0.41620771131001727,4,-0.552848710898261,4,-0.4614254649066756,4,0.3672637008036125,4,0.12210871227195375,4,0.37234129860429943,4,0.17215729330352672,4,0.4397168341275553
29,degraded_3,degraded_3,degraded,2019,wet,current,3,3,0,2,3,0.05943832474428586,3,0.0819172916263088,3,0.08449117888790057,3,0.13085646294644426,3,0.21663177646455556,3,0.2521222137043248,3,0.25364999754445977,3,0.2837665859182095,3,0.2747793732334049,3,0.18108785996744436,3,0.5025346152280846,3,0.3195908548796756,3,-0.5141659572604528,3,-0.5441937822256578,3,0.296058459008911,3,-0.039557837399317,3,0.17234787783961888,3,0.12875263965566985,3,0.37170686727466756
30,degraded_3,degraded_3,degraded,2020,dry,current,4,4,0,3,4,0.054615528585836855,4,0.07500135004002208,4,0.07092687215052651,4,0.11773350248781426,4,0.21471921792791762,4,0.25036332740441597,4,0.2539268506461078,4,0.2773311832554653,4,0.24404808322074684,4,0.1559187877807941,4,0.5609933461552584,4,0.3584241954962019,4,-0.5356687254220074,4,-0.5122224532829828,4,0.32628820402750436,4,0.031102812886825173,4,0.2566612796951162,4,0.1455927548570502,4,0.4026456904448869
31,degraded_3,degraded_3,degraded,2020,wet,current,3,3,0,2,3,0.05999692872512336,3,0.08360846131537618,3,0.07314144291296103,3,0.12391206883192558,3,0.23607887855063592,3,0.27411651873871246,3,0.2699741951684722,3,0.30121941916057055,3,0.2254436009482977,3,0.1360532859733167,3,0.574445560398817,3,0.39000894200216535,3,-0.5286931680604098,3,-0.4613604249352054,3,0.3472375509321055,3,0.0909081998671371,3,0.332958853149251,3,0.15785308935261794,3,0.41650300736736784
32,degraded_3,degraded_3,degraded,2021,dry,current,4,4,0,3,4,0.051743959036134025,4,0.07311284203998471,4,0.06828890897012518,4,0.11583188603556298,4,0.2137501717982126,4,0.24816621139382522,4,0.2522136041188933,4,0.2752690494695747,4,0.24210846512546502,4,0.15360863910716654,4,0.5681076957021798,4,0.35798265279680164,4,-0.5407346955578876,4,-0.516310627182849,4,0.3272320200311344,4,0.03245830362160833,4,0.25984954277269917,4,0.14573085308099076,4,0.40626976547114974
33,degraded_3,degraded_3,degraded,2021,wet,current,3,3,0,2,3,0.04933850493117694,3,0.0746420062645563,3,0.07606820771300823,3,0.12612226784041425,3,0.22296924700021525,3,0.2600537946406119,3,0.2618396698807954,3,0.2920408684575461,3,0.27840015027706255,3,0.1846343101743928,3,0.5477161579309584,3,0.342551211914109,3,-0.5535102490503417,3,-0.5744287216686076,3,0.32570664082780376,3,-0.02643520030970047,3,0.18285950113264318,3,0.14497152245730105,3,0.3945665454981822
34,degraded_3,degraded_3,degraded,2022,dry,current,4,4,0,3,4,0.05688043968798203,4,0.0765873285866064,4,0.06720078118546365,4,0.11782895432808005,4,0.231496958969983,4,0.26766999501044964,4,0.27217880223292934,4,0.29266320783533417,4,0.21605668250775667,4,0.12861667559255954,4,0.6016728663671094,4,0.40977826820995394,4,-0.5548586371681582,4,-0.45123368643264405,4,0.3601108832405277,4,0.13113552692893807,4,0.3795141722193808,4,0.16627921060342693,4,0.42421483245451824
35,degraded_3,degraded_3,degraded,2022,wet,current,3,3,0,2,3,0.060589824185115694,3,0.07959348813279106,3,0.08339320217212147,3,0.12536667205760713,3,0.2020388536668589,3,0.2329882370929728,3,0.23199386594038932,3,0.2575579536133455,3,0.2616780373540839,3,0.1829238409528543,3,0.46518872300948333,3,0.2875140698720402,3,-0.47355678037852494,3,-0.4960030611864914,3,0.2638322414854459,3,-0.03187758479147765,3,0.1584764145214881,3,0.1137229256820217,3,0.3411203105057359
36,degraded_3,degraded_3,degraded,2023,dry,current,4,4,0,3,4,0.06582585513441253,4,0.09139720543602672,4,0.1032855126644117,4,0.1557334294056676,4,0.25612530378077275,4,0.28779999550111013,4,0.28267812757342137,4,0.30542548833575167,4,0.26783659777422586,4,0.1632093423475201,4,0.4704884095101793,4,0.3419030754587057,4,-0.49963187502645434,4,-0.47884080045734034,4,0.3011676468231022,4,0.033482590900815595,4,0.27845814763683013,4,0.1434732143790978,4,0.3203997352379183
37,degraded_3,degraded_3,degraded,2023,wet,current,3,3,0,2,3,0.05080930040350854,3,0.07364005106064747,3,0.0929100527358977,3,0.13189675917513957,3,0.19535836355159944,3,0.21938394467698674,3,0.21434940093148744,3,0.23583127848107052,3,0.2615396199961578,3,0.17778283027608052,3,0.4311792225664128,3,0.22696643045546838,3,-0.48860074818790294,3,-0.5367101649362014,3,0.22018774660858018,3,-0.060107985185212424,3,0.15623252495192436,3,0.0940363376732043,3,0.3026423846283877
38,degraded_3,degraded_3,degraded,2024,dry,current,4,4,0,3,3,0.08014527674068274,3,0.1123266392801629,3,0.1788815443262517,3,0.22067251149498648,3,0.2664681131497842,3,0.28663341163828354,3,0.2737928389146395,3,0.2900999760197411,3,0.35590832708433734,3,0.24726270372101725,3,0.23787220327043423,3,0.16206047824179962,3,-0.417184486581805,3,-0.5133763055233351,3,0.15542273741860915,3,-0.11752914584418644,3,0.07638896959629525,3,0.0665666210849362,3,0.15230545274492993
39,degraded_3,degraded_3,degraded,2024,wet,current,3,3,0,2,3,0.0703829109207828,3,0.09985641782992143,3,0.14228722951315065,3,0.19016763164665818,3,0.2606490786132884,3,0.2843971581914106,3,0.2743423189986835,3,0.29513378472100477,3,0.31591536824257666,3,0.21468398819098908,3,0.33272102844172396,3,0.23017482328142122,3,-0.4630105028973941,3,-0.5090398474921259,3,0.21953599910537328,3,-0.05947970576045299,3,0.14472519119675406,3,0.0966419244599277,3,0.22227626018330912
40,degraded_3,degraded_3,degraded,2025,dry,current,4,4,0,3,3,0.07632740428618458,3,0.1021300219286484,3,0.12150180412999863,3,0.1708579449575501,3,0.24127844544063418,3,0.26548765736277624,3,0.26541286876369946,3,0.28867772369344774,3,0.3137252701691245,3,0.21516695594376767,3,0.36926407937234806,3,0.2604020315213449,3,-0.4274665859201341,3,-0.4951579403087207,3,0.238212328125701,3,-0.07843733837743706,3,0.11901920033149023,3,0.10600133221539303,3,0.2490713534655085
41,degraded_3,degraded_3,degraded,2025,wet,current,3,3,0,2,3,0.06603472581922816,3,0.09894371546035378,3,0.15898646276661962,3,0.20428460984941355,3,0.2640146616060038,3,0.2860954958419564,3,0.2726412817469074,3,0.29785477725008885,3,0.36200527630187446,3,0.2543060931817778,3,0.2826090519939057,3,0.19331657496435553,3,-0.4575265800064179,3,-0.5597830576997546,3,0.18450273255350894,3,-0.13176147957834278,3,0.05334913323856073,3,0.08440683838199363,3,0.1927378453533215
42,ks_rehab,KS Rehab,focal,2019,dry,current,4,4,0,3,4,0.052251699100461325,4,0.07474500738860647,4,0.07049178214401788,4,0.1213396541843362,4,0.23494939955098718,4,0.2736772209687407,4,0.2728174276876316,4,0.29850210107616115,4,0.2185195488162497,4,0.13265475530397702,4,0.5915767218485999,4,0.39549358232813353,4,-0.5563822410621339,4,-0.4693218816664188,4,0.3527291963515712,4,0.12294039017132033,4,0.37075932788689114,4,0.16842343669968818,4,0.4187931031388168
43,ks_rehab,KS Rehab,focal,2019,wet,current,3,3,0,2,2,0.05637171688094075,2,0.08121047315719665,2,0.0939299998266871,2,0.14202605196769463,2,0.2241153609856355,2,0.25968827531151983,2,0.2598733752116742,2,0.29046454176463116,2,0.2887293376653134,2,0.20164216952802236,2,0.47119081573062516,2,0.3058194518729644,2,-0.512626997949992,2,-0.5489848584577526,2,0.28854571998641815,2,-0.0427833767339169,2,0.14950789205934933,2,0.12845543189653974,2,0.3421921376602151
44,ks_rehab,KS Rehab,focal,2020,dry,current,4,4,0,3,4,0.06269301293143388,4,0.08758286070730135,4,0.12087332711567815,4,0.1634073018619689,4,0.23718067640635482,4,0.26574409341127664,4,0.26037968230035835,4,0.27948117860723065,4,0.2892064727945004,4,0.20358791999653908,4,0.3930449934729871,4,0.2658731206627786,4,-0.4884381235938398,4,-0.5193463181888976,4,0.23854043383683615,4,-0.0329973214181641,4,0.16060259242282182,4,0.11170271264733045,4,0.27192824306698316
45,ks_rehab,KS Rehab,focal,2020,wet,current,3,3,0,2,3,0.06153282790055073,3,0.08783556003887506,3,0.09682438111974646,3,0.14525513681119553,3,0.24754869944822402,3,0.2840839960453814,3,0.27441702528149264,3,0.3031485721923621,3,0.23860805702166785,3,0.1556171011254896,3,0.49218197613486625,3,0.35136658036150653,3,-0.5100911360296917,3,-0.44140013027358477,3,0.30566112249071337,3,0.08881934042362727,3,0.3058101295817625,3,0.1438764152045998,3,0.3541543840906812
46,ks_rehab,KS Rehab,focal,2021,dry,current,4,4,0,3,4,0.0658557334210717,4,0.09237241614735417,4,0.11753639506606298,4,0.1611269637112867,4,0.23405451851149214,4,0.26264605157442256,4,0.26002762794456474,4,0.2793397014530958,4,0.2850621387907127,4,0.19828612019509406,4,0.4008738084171601,4,0.2627366638585994,4,-0.4731121236753132,4,-0.5034195925746974,4,0.24303171082362912,4,-0.033623390953039324,4,0.1627468737458448,4,0.10965773098795946,4,0.27864757818688285
47,ks_rehab,KS Rehab,focal,2021,wet,current,3,3,0,2,3,0.06143345830911857,3,0.09255583169702587,3,0.12158784675376404,3,0.16791858574464705,3,0.24443663020822895,3,0.2748203693316658,3,0.2675795095066509,3,0.293553178363343,3,0.296573468265744,3,0.2104731539834637,3,0.39925564006794895,3,0.260970551979309,3,-0.48385484749942176,3,-0.5185354344837056,3,0.24654752623864037,3,-0.03548288370979607,3,0.15159717679283388,3,0.11348516912635569,3,0.28118542837057137
48,ks_rehab,KS Rehab,focal,2022,dry,current,4,4,0,3,4,0.0744233402407557,4,0.10411345767795319,4,0.12324041958922194,4,0.17673206772829692,4,0.2688315126741838,4,0.2998405289022303,4,0.29561883050339616,4,0.3178882626643314,4,0.2864650884403207,4,0.18620588314670017,4,0.42683406442093275,4,0.31309134509303294,4,-0.4716993306099336,4,-0.45705358450899936,4,0.27876807725885955,4,0.023262349106963603,4,0.24445365142069805,4,0.13432584757967966,4,0.28781523194819547
49,ks_rehab,KS Rehab,focal,2022,wet,current,3,3,0,2,3,0.07316207973861323,3,0.10029426602221077,3,0.13144378674142448,3,0.17567448894536275,3,0.24153761511540736,3,0.26943138945585837,3,0.26169805964402154,3,0.2879248038521502,3,0.3086117097306643,3,0.21611746524832717,3,0.3483197248643486,3,0.23431227510946107,3,-0.4386002724878067,3,-0.4894834410848407,3,0.2176519849684333,3,-0.06322997511598939,3,0.12978411091547695,3,0.09741306515409509,3,0.24882794460110047
50,ks_rehab,KS Rehab,focal,2023,dry,current,4,4,0,3,4,0.0753533918314216,4,0.10674758880149501,4,0.11550845306749447,4,0.17249404996939535,4,0.2668554712550687,4,0.2968318158201409,4,0.2906042302794865,4,0.313357518196191,4,0.2677359478370307,4,0.16633829803863787,4,0.44766019065870266,4,0.32549606445061774,4,-0.4545603307060142,4,-0.4214299892036342,4,0.28763845337720084,4,0.05017567323137075,4,0.28879808043810695,4,0.13804062658918823,4,0.29472698078974907
51,ks_rehab,KS Rehab,focal,2023,wet,current,3,3,0,2,3,0.06903182305488066,3,0.09815987924818244,3,0.11921297509765462,3,0.1653644255070054,3,0.2393081452774893,3,0.26781153441601874,3,0.2583133182197461,3,0.2831514146249838,3,0.2777391681707076,3,0.18515668655217044,3,0.4057966244105014,3,0.2588310937202796,3,-0.45305591170959086,3,-0.4615354414939718,3,0.2392708752131628,3,-0.006093060972679902,3,0.21463577017658775,3,0.10897586354375564,3,0.2817635266201978
52,ks_rehab,KS Rehab,focal,2024,dry,current,4,4,0,3,3,0.07363574955538897,3,0.100055977471861,3,0.10345853758042874,3,0.1580818555918857,3,0.24094924814653093,3,0.2715032365443743,3,0.2724043576716361,3,0.2961322167998983,3,0.28050258241556686,3,0.17563657099767369,3,0.45484696808783553,3,0.31568520965756525,3,-0.45814025550193566,3,-0.46229952538776115,3,0.2827456664320905,3,-0.002783454475375998,3,0.23087674252905124,3,0.12673580695866793,3,0.30611695427983227
53,ks_rehab,KS Rehab,focal,2024,wet,current,3,3,0,2,3,0.07082832499594598,3,0.10673517119881858,3,0.11975458755093372,3,0.17965115736752732,3,0.27565486241457404,3,0.30884690959661754,3,0.2992058515301299,3,0.3299258714775557,3,0.2966805615587612,3,0.19313750683059008,3,0.4412894701435717,3,0.3225633533568529,3,-0.4708102815318331,3,-0.46648229103270394,3,0.29492989900520605,3,0.010104605778595704,3,0.22819581038548642,3,0.14200881196242077,3,0.2951123603607326
54,ks_rehab,KS Rehab,focal,2025,dry,current,4,4,0,3,4,0.06991236863449676,4,0.09054111129158797,4,0.08559965320855725,4,0.13744036763511214,4,0.21814947285440342,4,0.24685797899436407,4,0.24918038196616493,4,0.2726806096489539,4,0.22972993515932183,4,0.13570946920882676,4,0.48606145902111575,4,0.3245485797866855,4,-0.4544217851446351,4,-0.37900101672781983,4,0.2830093813630793,4,0.07846706513044974,4,0.3348859549418303,4,0.12378761603919126,4,0.3268729964160856
55,ks_rehab,KS Rehab,focal,2025,wet,current,3,3,0,2,3,0.06227215383235487,3,0.0914167641910138,3,0.09141325381063248,3,0.1508600072385343,3,0.24661219783245633,3,0.27599889037431224,3,0.2691760002869638,3,0.2994171977955698,3,0.2788710631016937,3,0.1809861415057009,3,0.46944616643187104,3,0.3316214965995207,3,-0.46736834281752887,3,-0.4893918982292413,3,0.29805008846189956,3,-0.017100038045949173,3,0.20058588116928208,3,0.1425657477298042,3,0.31165419565246677
56,buda,Buda,reference,2019,dry,current,4,4,0,3,4,0.03775594476193715,4,0.051470787117629424,4,0.030966671420800024,4,0.07381014963706531,4,0.2188963171618473,4,0.279999404673269,4,0.2835366266280354,4,0.3118685618005407,4,0.14147406226853868,4,0.06151134765181608,4,0.7989119208103144,4,0.5235065602116484,4,-0.6841911325602659,4,-0.44631345555087654,4,0.45373049950222405,4,0.3426151471904349,4,0.6497449377639355,4,0.22865767283771946,4,0.6150557211216532
57,buda,Buda,reference,2019,wet,current,3,3,0,2,2,0.0343696481312875,2,0.0519958481367357,2,0.03322580851198695,2,0.0828346175928854,2,0.23461295473642552,2,0.3008426354753607,2,0.3028147421326758,2,0.33636654393506593,2,0.15893924479335825,2,0.07377778515255826,2,0.7951810670584238,2,0.5344455832267136,2,-0.6950809415127581,2,-0.4919586898292768,2,0.477678758762042,2,0.3099440548880965,2,0.6033649913125461,2,0.24315424608874003,2,0.6012375897328076
58,buda,Buda,reference,2020,dry,current,4,4,0,3,4,0.036218405586069306,4,0.05059056000231191,4,0.030522923987388997,4,0.07599280612806075,4,0.23205049701292213,4,0.3004851527806367,4,0.3057078056788757,4,0.33373980082238053,4,0.1646325042894821,4,0.0736407733585844,4,0.8164700811408873,4,0.5571544490268667,4,-0.7125380382790629,4,-0.527756236686967,4,0.48425325298621025,4,0.2991262641964594,4,0.6119654533560025,4,0.2512545003382215,4,0.6286383552353748
59,buda,Buda,reference,2020,wet,current,3,3,0,2,3,0.04752043325491406,3,0.0643911774104007,3,0.0451690246833272,3,0.091097028955704,3,0.24756313773008645,3,0.3163548865273757,3,0.31199773528093133,3,0.3471104939974768,3,0.16268094842840178,3,0.08105168240569953,3,0.7531942684333184,3,0.5401452160362642,3,-0.6605775288256064,3,-0.4460919477554895,3,0.4639375891845634,3,0.317634969552756,3,0.5922432259057181,3,0.23661022939794685,3,0.5868962629531919
60,buda,Buda,reference,2021,dry,current,4,4,0,3,4,0.030979098741878302,4,0.04714721148520055,4,0.028555902296162675,4,0.0743766974455285,4,0.22013112018085268,4,0.28174966182481576,4,0.2883764416520318,4,0.31551263511487476,4,0.1602659574650187,4,0.07169668288463507,4,0.8149414175179521,4,0.522051509564736,4,-0.7125349819474152,4,-0.5363301931516802,4,0.4657877519072668,4,0.28654077900211017,4,0.6017643114320339,4,0.23654553871239517,4,0.6173191186692814
61,buda,Buda,reference,2021,wet,current,3,3,0,2,3,0.0303786109664287,3,0.05074514165299777,3,0.030500739343269436,3,0.08195782353044327,3,0.2389135770699995,3,0.3054951486071718,3,0.30630957628531646,3,0.3405225966749425,3,0.15625133496843227,3,0.07232436724327469,3,0.8194926047216291,3,0.5401335224959304,3,-0.7163898362211478,3,-0.5130836296663457,3,0.48336375698682293,3,0.3249002146753794,3,0.6201860070900415,3,0.2496738144048712,3,0.6153667088667131
62,buda,Buda,reference,2022,dry,current,4,4,0,3,4,0.04271366153315573,4,0.0571636804796849,4,0.03518487425318985,4,0.0843134217421655,4,0.251785202812031,4,0.3221641013587614,4,0.32690792253501655,4,0.35748389476271714,4,0.16853173646397152,4,0.07455443394463974,4,0.8022951199929593,4,0.593592533344064,4,-0.6992222446774854,4,-0.48840959101709747,4,0.5020577948046442,4,0.32119899886912306,4,0.6298817428159433,4,0.264121974030592,4,0.6180230683902705
63,buda,Buda,reference,2022,wet,current,3,3,0,2,3,0.0395390947485573,3,0.057302893271496035,3,0.03840596042734586,3,0.0889465633646188,3,0.2346872255590783,3,0.29527498947676983,3,0.29517719843192153,3,0.33031660416650405,3,0.15673161367231012,3,0.07374854192865683,3,0.7554175222023202,3,0.5132089057271346,3,-0.6601332408065069,3,-0.4468105036677816,3,0.44764742970979327,3,0.3068165215965965,3,0.5977145286740773,3,0.22712541353759264,3,0.5675331754256667
64,buda,Buda,reference,2023,dry,current,4,4,0,3,4,0.04005174083452912,4,0.05345805771059367,4,0.03339402670654633,4,0.0793122249478267,4,0.23443666651670617,4,0.3008094785676675,4,0.3051937249935511,4,0.33458849909024246,4,0.1607266222493619,4,0.07160610565424318,4,0.7968912929026584,4,0.5558847648861682,4,-0.6938769848134874,4,-0.4891732367137086,4,0.4758505915086225,4,0.3130859267775157,4,0.622691090818114,4,0.24573302883919806,4,0.6140124144813878
65,buda,Buda,reference,2023,wet,current,3,3,0,2,3,0.0316329150437811,3,0.04856431910090773,3,0.028546627796846868,3,0.07787429991465286,3,0.2396077161965129,3,0.31143888016351645,3,0.3107233972523116,3,0.34646560151109035,3,0.15348144305556974,3,0.06846684590226883,3,0.8289658945580388,3,0.5615949566989782,3,-0.7253496496371993,3,-0.5116388899654197,3,0.49541182965900593,3,0.34134364445747867,3,0.6414010818322364,3,0.2589267106866142,3,0.6323644751511752
66,buda,Buda,reference,2024,dry,current,4,4,0,3,3,0.04090513315915243,3,0.05523481623046957,3,0.033779161052811264,3,0.08269890605777909,3,0.2438483455869632,3,0.31289497876498634,3,0.3195507578535213,3,0.3493353726974149,3,0.169139254426843,3,0.0739031679614995,3,0.8059202296255722,3,0.5821635727690198,3,-0.7021300387476749,3,-0.5054168161627682,3,0.496827710922144,3,0.3089416270185366,3,0.625479767540947,3,0.2592140907401575,3,0.6163557216903448
67,buda,Buda,reference,2024,wet,current,3,3,0,2,3,0.031111151303641466,3,0.0505595316296406,3,0.029061060660359368,3,0.08212953812795087,3,0.2596335478488139,3,0.3358019201704992,3,0.33200219050296126,3,0.3713659443841652,3,0.15568331758565732,3,0.06815466752278064,3,0.8352303190178173,3,0.5920542450717732,3,-0.7312270913337308,3,-0.5065123885881148,3,0.524454901001309,3,0.3598606669129207,3,0.6580046251185395,3,0.2786762063656491,3,0.6336190476832133
68,buda,Buda,reference,2025,dry,current,4,4,0,3,4,0.04541406837208442,4,0.0584403367634153,4,0.0371905794942117,4,0.0895250094331479,4,0.2406808069255415,4,0.30354556766109686,4,0.30680730011746493,4,0.3368638284475602,4,0.1589421440540882,4,0.07097313566152398,4,0.7822554257396024,4,0.5645772600478776,4,-0.6765563545818274,4,-0.45708574730895146,4,0.47185160284898625,4,0.32053156291743984,4,0.6249930544730345,4,0.2411894483734972,4,0.5800219266258769
69,buda,Buda,reference,2025,wet,current,3,3,0,2,3,0.03196156621529307,3,0.05129635273286264,3,0.028717205534758764,3,0.08807456389432287,3,0.2540581182824333,3,0.3216749663186162,3,0.3183949646113576,3,0.35803707286239,3,0.1553182267275255,3,0.06694346597206793,3,0.8245730456666358,3,0.5714667048408929,3,-0.7128178592291184,3,-0.4918783839443687,3,0.5035557462713262,3,0.34396244304629947,3,0.6488679005136283,3,0.2655866900052876,3,0.6000668159232158
70,gogoni,Gogoni,reference,2019,dry,current,4,4,0,3,4,0.04552020247445197,4,0.06689477944068248,4,0.048294024649753624,4,0.0997975631440057,4,0.23823435102805404,4,0.2893267694298489,4,0.29272966219019536,4,0.32090231087899035,4,0.18951127230883544,4,0.10198018689442714,4,0.714524549428836,4,0.4894571923518972,4,-0.6223727289360886,4,-0.4665633503528621,4,0.43087309550919206,4,0.2263070012295762,4,0.5005675700786042,4,0.21312205587050395,4,0.5240926757344668
71,gogoni,Gogoni,reference,2019,wet,current,3,3,0,2,3,0.05145087741135037,3,0.0739440078336772,3,0.06345672820797633,3,0.1148512921212189,3,0.24047856741405535,3,0.29410535751310185,3,0.2972605999073219,3,0.33059875904729846,3,0.22987901067846694,3,0.13871165187013937,3,0.6417213966165097,3,0.4532885051502733,3,-0.5925089794150697,3,-0.5056851588294337,3,0.4016893081358721,3,0.13772830008886033,3,0.3806734022731946,3,0.19954216391369306,3,0.4769316100955728
72,gogoni,Gogoni,reference,2020,dry,current,4,4,0,3,4,0.043749372487559154,4,0.06341374072000293,4,0.0485983252901485,4,0.09842795656266153,4,0.23081662654871335,4,0.2838002295951694,4,0.29062141841243394,4,0.3181362883904122,4,0.20255751423280371,4,0.11089603599589057,4,0.7105565685459089,4,0.48105216519218963,4,-0.6357810628880922,4,-0.5143259651146075,4,0.42758228219391686,4,0.18989846030058727,4,0.466952805960418,4,0.21125563167897818,4,0.524916862594518
73,gogoni,Gogoni,reference,2020,wet,current,3,3,0,2,2,0.03707169483340335,2,0.060056468419470904,2,0.0401123898205479,2,0.09336551359923939,2,0.24642614172070346,2,0.3069984683432062,2,0.3063931394363918,2,0.34022272879139354,2,0.1822047776166528,2,0.09191713035768531,2,0.763188748329034,2,0.5194896447672703,2,-0.6652391718973318,2,-0.4956392239075281,2,0.46324961900911543,2,0.2640717852270328,2,0.5495757980671931,2,0.23661572165589145,2,0.5682089994398006
74,gogoni,Gogoni,reference,2021,dry,current,4,4,0,3,4,0.043905041084038504,4,0.0651756418003071,4,0.051706941597999476,4,0.10136751707514279,4,0.22741696698050548,4,0.27654646540614514,4,0.2831382712295317,4,0.3106092085464418,4,0.20439591090850873,4,0.11422637676810651,4,0.6920199635062062,4,0.45826659649643303,4,-0.6226769485501495,4,-0.5114304190447486,4,0.41042649603573134,4,0.17297597650310692,4,0.44540491769746027,4,0.19884546153600502,4,0.507079814708088
75,gogoni,Gogoni,reference,2021,wet,current,3,3,0,2,3,0.04133856841514733,3,0.0653638143989068,3,0.051132367370758,3,0.10536842433374428,3,0.24300545315081976,3,0.2983398072474628,3,0.3009757319212183,3,0.3351304021318217,3,0.2129490880402315,3,0.11987590105697392,3,0.7054003167006501,3,0.47963142290136024,3,-0.636062078095486,3,-0.520207542426767,3,0.43271424675518005,3,0.18679779918708891,3,0.45086585469435275,3,0.21697494627789973,3,0.5173872854040337
76,gogoni,Gogoni,reference,2022,dry,current,4,4,0,3,4,0.046902014429102225,4,0.06686897295408217,4,0.04984482597678117,4,0.1024765488264251,4,0.24811652673382192,4,0.30391195976038854,4,0.31070882012822526,4,0.3387174123020392,4,0.1964536995394812,4,0.10498304223911578,4,0.7240136697152117,4,0.5171086901770202,4,-0.6433597736003682,4,-0.48133595448944727,4,0.4510650085712515,4,0.23841524380564597,4,0.5131349919709123,4,0.22777535761616874,4,0.5361868743013376
77,gogoni,Gogoni,reference,2022,wet,current,3,3,0,2,3,0.05399664190554496,3,0.07565904185437321,3,0.06503747974476827,3,0.11870596231585946,3,0.24178482632243722,3,0.29069226558290423,3,0.2926338044051489,3,0.3261470604755435,3,0.22955422692533226,3,0.1401967300978812,3,0.6323914500495568,3,0.4464887246141569,3,-0.5793682528575812,3,-0.4863542000317447,3,0.3935674961793237,3,0.14168170816947526,3,0.3873049003973527,3,0.1938019176808513,3,0.46029650672513994
78,gogoni,Gogoni,reference,2023,dry,current,4,4,0,3,4,0.048022933932962406,4,0.06680360585432124,4,0.049085568378513425,4,0.10026196458947625,4,0.24467045333089887,4,0.30052520822964623,4,0.3050993394556423,4,0.3345766192068958,4,0.19414596179116475,4,0.1027804556889311,4,0.7206106953968199,4,0.5125207467855568,4,-0.634651159773592,4,-0.4752671940727071,4,0.44313942036930354,4,0.23522832554828838,4,0.5142296304500703,4,0.22276371467975356,4,0.5380675629664007
79,gogoni,Gogoni,reference,2023,wet,current,3,3,0,2,3,0.0427793081379155,3,0.0650565450052721,3,0.0509085059045136,3,0.10344490190940181,3,0.243224880415692,3,0.2966177422519453,3,0.2954154590895071,3,0.3305298608499545,3,0.2086103995594317,3,0.1189000206425422,3,0.7050583832128422,3,0.4749177834783129,3,-0.6332368445012022,3,-0.5091307268084567,3,0.4239198877773716,3,0.19392677138785688,3,0.45721637494570616,3,0.21369028193106201,3,0.5217098184761938
80,gogoni,Gogoni,reference,2024,dry,current,4,4,0,3,3,0.04727767016984343,3,0.0659530750948247,3,0.05060249917837151,3,0.10108147748140962,3,0.23626098039390833,3,0.29040286424623035,3,0.29725121391925574,3,0.3243364278935836,3,0.19882984912981136,3,0.10734871794426774,3,0.706167400185536,3,0.49299933525584044,3,-0.6302491893400303,3,-0.4959450033984574,3,0.4309400575624675,3,0.20815799104740162,3,0.4853608670706832,3,0.21428667568552937,3,0.5229626395843668
81,gogoni,Gogoni,reference,2024,wet,current,3,3,0,2,3,0.040449459128023536,3,0.06369294903150303,3,0.0459494863326812,3,0.09985869385881903,3,0.2568614917520662,3,0.3193230855858983,3,0.3169986375755735,3,0.35279445294513345,3,0.18957982862875336,3,0.10188612795096953,3,0.741667780285098,3,0.5231097980182091,3,-0.6586081360059897,3,-0.4909845444911746,3,0.46628211157973865,3,0.2583378429006063,3,0.5236779592402977,3,0.24052165776788548,3,0.552995324551319
82,gogoni,Gogoni,reference,2025,dry,current,4,4,0,3,4,0.05233903602662575,4,0.07158441563521317,4,0.05370262000699315,4,0.11279148642300603,4,0.2561136224731541,4,0.3095574297227388,4,0.3144414317150216,4,0.34503535740563096,4,0.20756627855057164,4,0.11013504469022006,4,0.7086489576901772,4,0.5228315282179122,4,-0.6268576109211337,4,-0.48119402255927357,4,0.4457610651992868,4,0.2141794383024876,4,0.4966899769083762,4,0.2254720410278125,4,0.5057707496243163
83,gogoni,Gogoni,reference,2025,wet,current,3,3,0,2,3,0.04364930903031733,3,0.06688974001007926,3,0.04909702258123191,3,0.11099326734343923,3,0.25694965201407793,3,0.31077919864129,3,0.3090508424620417,3,0.3458680057780568,3,0.20502718840374393,3,0.11128262285856765,3,0.7236263267380704,3,0.5070609029174438,3,-0.6366566590374813,3,-0.49597849938801536,3,0.4469496859084874,3,0.21814492947432326,3,0.4930253086666987,3,0.228411280353485,3,0.5116238848456
84,shimba_hills,Shimba Hills,reference,2019,dry,current,4,4,0,3,4,0.0475368091364745,4,0.0652461530405027,4,0.041439515290260104,4,0.09441238794041229,4,0.25236906667837516,4,0.30985675317819605,4,0.31084611998154177,4,0.3413449170733101,4,0.17247071932746455,4,0.08011872514879526,4,0.7582132322651095,4,0.5522259472074575,4,-0.6434623977587053,4,-0.4324584216706638,4,0.46322895125729424,4,0.29491417171807843,4,0.5969433591119115,4,0.23919318582667431,4,0.5641523956297775
85,shimba_hills,Shimba Hills,reference,2019,wet,current,3,3,0,2,3,0.044523681487531934,3,0.06472035388722147,3,0.04923559232927737,3,0.1023052895030619,3,0.2305098026895779,3,0.28263453784541515,3,0.28374788031055753,3,0.31550411968088715,3,0.19763134956342712,3,0.1082778358917908,3,0.6951146960765001,3,0.4651608673336769,3,-0.6166489964958585,3,-0.4986890719651254,3,0.41169392424559614,3,0.1819405185151933,3,0.4540860643905367,3,0.2034747300009846,3,0.5040869192316914
86,shimba_hills,Shimba Hills,reference,2020,dry,current,4,4,0,3,4,0.04551385036754852,4,0.06204542154174938,4,0.040956959002655224,4,0.0924483622014905,4,0.24115029234431679,4,0.298347024841609,4,0.3025016028327809,4,0.3305866929640911,4,0.17963763896517232,4,0.08551204204097512,4,0.753738116783883,4,0.5347070350000881,4,-0.6485741687448743,4,-0.47048506710844346,4,0.4528874217143434,4,0.2609834610951979,4,0.5641980317938771,4,0.23217671125548317,4,0.5598433401661793
87,shimba_hills,Shimba Hills,reference,2020,wet,current,3,3,0,2,3,0.03732779260787689,3,0.059605354145653766,3,0.035504942200512535,3,0.09230592991588989,3,0.26165289714151313,3,0.32452729445185374,3,0.3200895579765353,3,0.3564334024827742,3,0.17351045608056578,3,0.0806736730278792,3,0.7951413191504706,3,0.5599210795633287,3,-0.6800303753078799,3,-0.48471322469855593,3,0.4879065753712725,3,0.2989263285372053,3,0.5975154177756261,3,0.2574241821396807,3,0.586675592345712
88,shimba_hills,Shimba Hills,reference,2021,dry,current,4,4,0,3,4,0.047473447737565455,4,0.06567877571135747,4,0.04623745678668927,4,0.09749744580784586,4,0.2325903945563883,4,0.28294269242805675,4,0.28828233234847245,4,0.3140440085891779,4,0.18747795177611354,4,0.09513425849389488,4,0.7179935543180729,4,0.4958077786017578,4,-0.6197371462945447,4,-0.46658661406874347,4,0.4255586399195578,4,0.21924384306124883,4,0.513130378146939,4,0.2109439155815245,4,0.5234349969746209
89,shimba_hills,Shimba Hills,reference,2021,wet,current,3,3,0,2,3,0.03983760482059579,3,0.0635261460036045,3,0.0453883915952146,3,0.10285331902374205,3,0.24039509358238173,3,0.29197056226328666,3,0.2933615666082168,3,0.32526632312782006,3,0.19354942986672485,3,0.1028978288000127,3,0.7216271952595111,3,0.4851100410369213,3,-0.6333637623230209,3,-0.4992888211352516,3,0.43183634493396156,3,0.2057692896808366,3,0.48271108131219514,3,0.21703862019260137,3,0.5130002234246295
90,shimba_hills,Shimba Hills,reference,2022,dry,current,4,4,0,3,4,0.045976035011320276,4,0.06352842593134747,4,0.04255144953342142,4,0.0958227507292092,4,0.24971331308005607,4,0.30483609248407395,4,0.3095030674313153,4,0.33624788075274115,4,0.1817278242681433,4,0.08736765298143036,4,0.7538554022626026,4,0.5415685415961533,4,-0.6525667775609741,4,-0.467528884488557,4,0.4604679337073019,4,0.26790206538700334,4,0.5670834542744482,4,0.2360733367111557,4,0.555492807152709
91,shimba_hills,Shimba Hills,reference,2022,wet,current,3,3,0,2,3,0.0513197602974959,3,0.0705727309047572,3,0.0544549854112949,3,0.10829203304156802,3,0.23107275513707193,3,0.2768770685471577,3,0.27701141965610376,3,0.308125396418025,3,0.19177665856106174,3,0.10284096185337303,3,0.6600553662104319,3,0.45329790054647434,3,-0.5791961685463263,3,-0.43640970282483754,3,0.39033317826009917,3,0.19327134506905339,3,0.47245983571644495,3,0.18941440858064296,3,0.4722035591686093
92,shimba_hills,Shimba Hills,reference,2023,dry,current,4,4,0,3,4,0.05101641549318517,4,0.06697499221875428,4,0.04399890447755585,4,0.09572683749113536,4,0.2596085530406653,4,0.32041441701725687,4,0.32194806269335163,4,0.3521758480546006,4,0.1783705246323518,4,0.08252588785963437,4,0.750457413792941,4,0.5686015291549762,4,-0.6440275394101114,4,-0.4339559012906271,4,0.470935721959432,4,0.2941216461670879,4,0.5975631834012394,4,0.24529324564943955,4,0.5685361971297422
93,shimba_hills,Shimba Hills,reference,2023,wet,current,3,3,0,2,3,0.04533147395034479,3,0.06569461720157124,3,0.04722781688261457,3,0.10217757939773364,3,0.23766868879550088,3,0.2871850677255962,3,0.28568107674454696,3,0.3176347269078061,3,0.19230014131054993,3,0.10186979459232566,3,0.7053953563529743,3,0.4788984775254339,3,-0.613011629267253,3,-0.47641081202357977,3,0.4154447471732305,3,0.19904468204221368,3,0.4796287035434985,3,0.20814100386847154,3,0.5056462461242383
94,shimba_hills,Shimba Hills,reference,2024,dry,current,4,4,0,3,4,0.05221683360429195,4,0.06859270642991505,4,0.04774222764345915,4,0.10187860796366442,4,0.24804435355223448,4,0.3038843011178653,4,0.3088043862293043,4,0.3376365509623372,4,0.18937090386428257,4,0.09182806349692918,4,0.7255598181877573,4,0.5369780863017151,4,-0.6273536161964997,4,-0.45506721903565533,4,0.4489105184559506,4,0.24578846086935263,4,0.5470636599887676,4,0.22827187636886323,4,0.5327842793438387
95,shimba_hills,Shimba Hills,reference,2024,wet,current,3,3,0,2,3,0.03424030592440567,3,0.05660772571407243,3,0.03468083093374463,3,0.09172410908007257,3,0.26343210610397017,3,0.3285262253166015,3,0.32511087423668533,3,0.3616148146612998,3,0.17566113671945185,3,0.08167381942646283,3,0.7996751283800835,3,0.5736214367106,3,-0.6962527804763917,3,-0.5062286842889038,3,0.5014865353328167,3,0.2988200358892253,3,0.59726219069976,3,0.2643532612206461,3,0.5902189141414734
96,shimba_hills,Shimba Hills,reference,2025,dry,current,4,4,0,3,4,0.0506795269162494,4,0.06694502218682435,4,0.0458281218663143,4,0.10503871154561663,4,0.2518151650880055,4,0.30462703060301344,4,0.30836399357877814,4,0.33828891925936627,4,0.18507865738257706,4,0.08697226915986267,4,0.7305996105807657,4,0.538970955063991,4,-0.6291234913916256,4,-0.4400138386006953,4,0.4497022820033551,4,0.26275966262374445,4,0.5699549262584098,4,0.22963671256687157,4,0.5200591514429556
97,shimba_hills,Shimba Hills,reference,2025,wet,current,3,3,0,2,3,0.041016259966501566,3,0.06265082109991131,3,0.040647822407108035,3,0.1051292295964179,3,0.25491521955750407,3,0.30827426764819044,3,0.30649659206415386,3,0.341091081837112,3,0.183726960816981,3,0.08902138072620398,3,0.7574637745166891,3,0.5287939043819236,3,-0.6502652569399575,3,-0.4786025843256692,3,0.45995072332962844,3,0.25563060149624356,3,0.5541697455470169,3,0.2365654239951868,3,0.5237732589532387
