,site_id,site_name,site_category,year,season,period,expected_months_in_season,observed_rows_in_season,missing_rows_in_season,min_valid_months_required,BLUE_n_valid_months,BLUE,GREEN_n_valid_months,GREEN,RED_n_valid_months,RED,NIR_n_valid_months,NIR,SWIR1_n_valid_months,SWIR1,SWIR2_n_valid_months,SWIR2,NDVI_n_valid_months,NDVI,EVI_n_valid_months,EVI,NDWI_n_valid_months,NDWI,MNDWI_n_valid_months,MNDWI,SAVI_n_valid_months,SAVI,NDMI_n_valid_months,NDMI,NBR_n_valid_months,NBR,NIRv_n_valid_months,NIRv
0,degraded_1,degraded_1,degraded,2014,dry,baseline,4,3,1,3,0,,0,,0,,0,,0,,0,,0,,0,,0,,0,,0,,0,,0,,0,
1,degraded_1,degraded_1,degraded,2014,wet,baseline,3,3,0,2,1,,1,,1,,1,,1,,1,,1,,1,,1,,1,,1,,1,,1,,1,
2,degraded_1,degraded_1,degraded,2015,dry,baseline,4,3,1,3,0,,0,,0,,0,,0,,0,,0,,0,,0,,0,,0,,0,,0,,0,
3,degraded_1,degraded_1,degraded,2015,wet,baseline,3,1,2,2,1,,1,,1,,1,,1,,1,,1,,1,,1,,1,,1,,1,,1,,1,
4,degraded_1,degraded_1,degraded,2016,dry,baseline,4,4,0,3,4,0.04313366687344125,4,0.0687791047924401,4,0.06582196918292474,4,0.2979961249440741,4,0.23440203663444253,4,0.14025285434365115,4,0.6363516848357793,4,0.42498561608716606,4,-0.6220124337998595,4,-0.5438878171151121,4,0.4020068283931463,4,0.12622727785267795,4,0.36992451511722513,4,0.19317323115826357
5,degraded_1,degraded_1,degraded,2016,wet,baseline,3,3,0,2,2,0.0591158074458008,2,0.08515818874999084,2,0.09001006802805635,2,0.2820558909892835,2,0.28149328364446546,2,0.18679206310032342,2,0.5067858676100025,2,0.3459699917445648,2,-0.5278990082061411,2,-0.5349091265514034,2,0.325948630743076,2,0.002604228600068502,2,0.20982633155889766,2,0.15004944758978028
6,degraded_1,degraded_1,degraded,2017,dry,baseline,4,4,0,3,2,,2,,2,,2,,2,,2,,2,,2,,2,,2,,2,,2,,2,,2,
7,degraded_1,degraded_1,degraded,2017,wet,baseline,3,3,0,2,2,0.0642703049962179,2,0.0891174476786285,2,0.1082966540478487,2,0.2679700483852744,2,0.33449774516162306,2,0.2248611048361724,2,0.4274434301568889,2,0.27905063400638924,2,-0.5023374560261455,2,-0.5775527663168755,2,0.27383448878657013,2,-0.10152808630523355,2,0.1010384342768374,2,0.11514449791587975
8,degraded_1,degraded_1,degraded,2018,dry,current,4,4,0,3,3,0.037672193535259836,3,0.06501740706338194,3,0.057969359245334466,3,0.3018981262130085,3,0.22816711274766047,3,0.12223647423978327,3,0.6785172412150354,3,0.4464463429253178,3,-0.6448904712075142,3,-0.5555884831604506,3,0.4250347464343874,3,0.14620540105337299,3,0.4332701441895486,3,0.20655519639305378
9,degraded_1,degraded_1,degraded,2018,wet,current,3,3,0,2,2,0.04143759876241085,2,0.06807762681792755,2,0.0665954146855917,2,0.2896692333240106,2,0.2426216315899874,2,0.14172284325036116,2,0.6274197343512014,2,0.40898728051825883,2,-0.6186111836454071,2,-0.5591559029128585,2,0.39293003609503663,2,0.10156636067974045,2,0.3630540033033912,2,0.18725211823119564
10,degraded_1,degraded_1,degraded,2019,dry,current,4,4,0,3,2,,2,,2,,2,,2,,2,,2,,2,,2,,2,,2,,2,,2,,2,
11,degraded_1,degraded_1,degraded,2019,wet,current,3,3,0,2,2,0.0539271554526116,2,0.08051024062942225,2,0.0854608034845867,2,0.29004497895587456,2,0.2782728309807918,2,0.17627642055322473,2,0.5513031053275034,2,0.36683460665301326,2,-0.5688298010315018,2,-0.5533259609933665,2,0.35159278790280696,2,0.03477897635509325,2,0.2651527007815452,2,0.16123875897250478
12,degraded_1,degraded_1,degraded,2020,dry,current,4,4,0,3,4,0.036972695135910505,4,0.06085573255791122,4,0.0570442351739185,4,0.2843355499324069,4,0.21637847798210727,4,0.11588274927689896,4,0.6689100513599647,4,0.4220782867593486,4,-0.648775314611189,4,-0.5578153420128036,4,0.4054848570501532,4,0.1502750330581742,4,0.435673424052348,4,0.1912142517690122
13,degraded_1,degraded_1,degraded,2020,wet,current,3,3,0,2,2,0.038185584034857,2,0.06632056051016695,2,0.05762619426481705,2,0.3250560006775562,2,0.22818927108056908,2,0.11847969986942869,2,0.6997860492823579,2,0.48438115125491665,2,-0.6602151956838289,2,-0.5475370321812092,2,0.4542805295308298,2,0.1835883002069994,2,0.47391848152192917,2,0.22961411680709135
14,degraded_1,degraded_1,degraded,2021,dry,current,4,4,0,3,4,0.03873128074148637,4,0.06429714230197357,4,0.05959348493096585,4,0.2944437733506995,4,0.2248846803999367,4,0.12267696005939188,4,0.6612616100929866,4,0.4306774656280408,4,-0.6391831538102037,4,-0.5526775960843027,4,0.41068517958263445,4,0.1401502184383797,4,0.4191318921537219,4,0.1971664666650758
15,degraded_1,degraded_1,degraded,2021,wet,current,3,3,0,2,2,0.0416168713013606,2,0.06714141655427136,2,0.0677293871791161,2,0.28759399401752295,2,0.23423636401946293,2,0.1320599116092234,2,0.6238472592256225,2,0.3993589427264038,2,-0.6234218194117633,2,-0.5499067216678521,2,0.38588770514308557,2,0.12048941205565084,2,0.39176460698981885,2,0.1808089532425584
16,degraded_1,degraded_1,degraded,2022,dry,current,4,4,0,3,3,0.0414153524268294,3,0.0700386086366895,3,0.06130002105895501,3,0.3223382239527925,3,0.234071123440612,3,0.12829160778241766,3,0.6791852510576467,3,0.47362874561998874,3,-0.6415363577768575,3,-0.5380604604957419,3,0.44196407723759695,3,0.1623433505703928,3,0.4362364363316982,3,0.2212492375915535
17,degraded_1,degraded_1,degraded,2022,wet,current,3,3,0,2,3,0.05518734255180666,3,0.08244718103599194,3,0.08673115829022297,3,0.2900020203388083,3,0.2752319747649972,3,0.16986162315951758,3,0.5445754846988918,3,0.36562955655288487,3,-0.5588480259467145,3,-0.5369489525431527,3,0.3479046019162703,3,0.040223314554290665,3,0.2830347745457384,3,0.160410796927832
18,degraded_1,degraded_1,degraded,2023,dry,current,4,4,0,3,2,,2,,2,,2,,2,,2,,2,,2,,2,,2,,2,,2,,2,,2,
19,degraded_1,degraded_1,degraded,2023,wet,current,3,3,0,2,3,0.05107071209437273,3,0.08229725032761999,3,0.08039401772807833,3,0.3293064824574554,3,0.2852051562591939,3,0.16022249187542156,3,0.6043593624218069,3,0.4371058235507788,3,-0.5964893523808109,3,-0.5514275090075565,3,0.4083472775080969,3,0.07387438525690733,3,0.35045268826299275,3,0.20389506528648435
20,degraded_1,degraded_1,degraded,2024,dry,current,4,4,0,3,3,0.08554444774090797,3,0.1364825226827544,3,0.20758613738079615,3,0.32925090393046336,3,0.3803434129790098,3,0.25787764561818244,3,0.25517280031546985,3,0.17453178716352477,3,-0.4287060489918271,3,-0.48037465307249555,3,0.18453341363033426,3,-0.06319011074140453,3,0.13707651849681401,3,0.08129716065952053
21,degraded_1,degraded_1,degraded,2024,wet,current,3,3,0,2,3,0.06416454513596333,3,0.1058620129785763,3,0.14818954777812732,3,0.3122433628870959,3,0.3152596299544048,3,0.21216938171867095,3,0.38946117815736564,3,0.26262247186706844,3,-0.5048348774581537,3,-0.5020475257324838,3,0.2657757053907788,3,0.0103073598214242,3,0.21712232519452557,3,0.1229150928132099
22,degraded_1,degraded_1,degraded,2025,dry,current,4,4,0,3,2,,2,,2,,2,,2,,2,,2,,2,,2,,2,,2,,2,,2,,2,
23,degraded_1,degraded_1,degraded,2025,wet,current,3,3,0,2,3,0.06315984294923092,3,0.10045776579967554,3,0.12109830699977202,3,0.342633745179488,3,0.31067508101129115,3,0.20388528482523424,3,0.4870477508813003,3,0.3697671814535501,3,-0.5420096683875476,3,-0.5095242985520525,3,0.3463045777183053,3,0.05881384328309703,3,0.2749768460810424,3,0.1792732375400249
24,degraded_2,degraded_2,degraded,2014,dry,baseline,4,3,1,3,0,,0,,0,,0,,0,,0,,0,,0,,0,,0,,0,,0,,0,,0,
25,degraded_2,degraded_2,degraded,2014,wet,baseline,3,3,0,2,2,0.04544895977068135,2,0.07571791363083996,2,0.06751154881431425,2,0.29900398658134664,2,0.24802385768544635,2,0.15404567879426376,2,0.6330588081141438,2,0.42171638171477377,2,-0.5932840935078225,2,-0.5249549240653001,2,0.3975212073124777,2,0.10471286882475725,2,0.3402465646928481,2,0.19175556543498057
26,degraded_2,degraded_2,degraded,2015,dry,baseline,4,3,1,3,1,,1,,1,,1,,1,,1,,1,,1,,1,,1,,1,,1,,1,,1,
27,degraded_2,degraded_2,degraded,2015,wet,baseline,3,1,2,2,0,,0,,0,,0,,0,,0,,0,,0,,0,,0,,0,,0,,0,,0,
28,degraded_2,degraded_2,degraded,2016,dry,baseline,4,4,0,3,4,0.03625539533378892,4,0.0666643388687412,4,0.06358734839854305,4,0.2833042952932683,4,0.23423842331826497,4,0.13935464366185457,4,0.6352619272774361,4,0.3951059633464298,4,-0.618388053286544,4,-0.5518473172049436,4,0.388901683529029,4,0.10402582313099486,4,0.3558779386038792,4,0.18155186638321216
29,degraded_2,degraded_2,degraded,2016,wet,baseline,3,3,0,2,2,0.042416845310243145,2,0.069005682156118,2,0.06696792825448156,2,0.266001949071918,2,0.2379923840033617,2,0.14877429124267824,2,0.5931041825614902,2,0.36714864649503226,2,-0.58044310151697,2,-0.5423440123202834,2,0.3552715553903879,2,0.06353954413224885,2,0.29747882933423014,2,0.16304320222560098
30,degraded_2,degraded_2,degraded,2017,dry,baseline,4,4,0,3,4,0.0383773573946623,4,0.07346901850059359,4,0.06640085841629988,4,0.3247986991205186,4,0.25544176245785394,4,0.1458194184918838,4,0.6616001681160188,4,0.45062840287032807,4,-0.630711791396299,4,-0.5514346583697801,4,0.4345446038856989,4,0.12401729654373395,4,0.38783468193489373,4,0.2161912433183437
31,degraded_2,degraded_2,degraded,2017,wet,baseline,3,3,0,2,1,,1,,1,,1,,1,,1,,1,,1,,1,,1,,1,,1,,1,,1,
32,degraded_2,degraded_2,degraded,2018,dry,current,4,4,0,3,3,0.0293261779333843,3,0.0619311993341042,3,0.051609849473740164,3,0.2973993464856807,3,0.21148002776134237,3,0.11128364958309693,3,0.7068816660829818,3,0.4423407978291534,3,-0.6563436170797946,3,-0.5457011346981973,3,0.43277408375431564,3,0.1753841528267892,3,0.4649625356865436,3,0.2105973064898102
33,degraded_2,degraded_2,degraded,2018,wet,current,3,3,0,2,3,0.03635204308940557,3,0.06434141281526867,3,0.060661614587604995,3,0.2716069935493107,3,0.23337260875820512,3,0.13748999276963356,3,0.6333470376543354,3,0.3874361734869671,3,-0.6129340549987884,3,-0.562244197099688,3,0.3784916716335476,3,0.0848159696058672,3,0.34491000862555604,3,0.1758579706633879
34,degraded_2,degraded_2,degraded,2019,dry,current,4,4,0,3,3,0.031391369289948796,3,0.06517916296811417,3,0.0527751121969779,3,0.3142565955889289,3,0.22077666633590506,3,0.11568719054668418,3,0.7144501113546321,3,0.46618782313967005,3,-0.6563082517558017,3,-0.5372342874188281,3,0.44881412110172886,3,0.1841841164277029,3,0.4738802212392723,3,0.22493320942246206
35,degraded_2,degraded_2,degraded,2019,wet,current,3,3,0,2,2,0.0518539978771308,2,0.07734337906987476,2,0.0858773989341307,2,0.26235532466721667,2,0.29869671432496725,2,0.20017898334924994,2,0.5041781894058635,2,0.3166011054242577,2,-0.539761314285834,2,-0.5859338905877061,2,0.30988917725074727,2,-0.06033288369603945,2,0.14733933029504495,2,0.1361569395393786
36,degraded_2,degraded_2,degraded,2020,dry,current,4,4,0,3,4,0.03491812743738028,4,0.06461243626080745,4,0.060342174779168124,4,0.2794057973419364,4,0.23467060885723715,4,0.13140270901137102,4,0.6462121035235033,4,0.39694374320037806,4,-0.6245055620998735,4,-0.5679273445225079,4,0.39070722217560205,4,0.09171642190383,4,0.36943542372608973,4,0.18168677314245285
37,degraded_2,degraded_2,degraded,2020,wet,current,3,3,0,2,3,0.021686932742081,3,0.05207878667619237,3,0.04167546423502667,3,0.28718670544432584,3,0.18179865670560655,3,0.08621956701112243,3,0.7405274936268581,3,0.44386735082217554,3,-0.6889132633396456,3,-0.5525987297810104,3,0.4394955427542935,3,0.22402091397192572,3,0.5367815189528908,3,0.21582753718693182
38,degraded_2,degraded_2,degraded,2021,dry,current,4,4,0,3,4,0.06386000529040527,4,0.09337929371104858,4,0.10115907134793417,4,0.29213593500719187,4,0.33522157742831893,4,0.23455280685977212,4,0.49452310489859597,4,0.3366483603569306,4,-0.5185486603217523,4,-0.5631602127768358,4,0.32155951253104176,4,-0.053782737149108625,4,0.13925697431767278,4,0.14568197119913828
39,degraded_2,degraded_2,degraded,2021,wet,current,3,3,0,2,3,0.052936442928840366,3,0.0799873188251793,3,0.09110679604675113,3,0.2651197251595019,3,0.3075992868496293,3,0.2093463172505304,3,0.49164408600192155,3,0.3084042025829632,3,-0.5356537860770416,3,-0.5849305628093565,3,0.30448272908823865,3,-0.06444262362142467,3,0.13596482456252004,3,0.1327235553448391
40,degraded_2,degraded_2,degraded,2022,dry,current,4,4,0,3,4,0.06069076105163488,4,0.09352430899144061,4,0.103581706691865,4,0.2843639489531064,4,0.31525558717798396,4,0.22979268107068182,4,0.4717664616965702,4,0.31118064429108083,4,-0.5053361911586487,4,-0.5366590814168689,4,0.3030131060545755,4,-0.036146899880323546,4,0.14256494702313535,4,0.13666173024883624
41,degraded_2,degraded_2,degraded,2022,wet,current,3,3,0,2,3,0.07651466362745764,3,0.10620008590358126,3,0.12548670224923816,3,0.28358959610892537,3,0.3901137808275117,3,0.2990137180553852,3,0.3911294091292179,3,0.2718586877932085,3,-0.4550329588333966,3,-0.5693232532962197,3,0.2610383751584142,3,-0.14944822660319954,3,-0.009992525938044167,3,0.11274945396220376
42,degraded_2,degraded_2,degraded,2023,dry,current,4,4,0,3,3,0.04749727046755797,3,0.08216300625888756,3,0.08248165558809223,3,0.31252313165888773,3,0.3030372934618622,3,0.18445449621578613,3,0.5886273472525297,3,0.39719563198521707,3,-0.585288979663863,3,-0.570756846401059,3,0.38567713385601365,3,0.025503743041921396,3,0.2778164321872553,3,0.18457524431742725
43,degraded_2,degraded_2,degraded,2023,wet,current,3,3,0,2,3,0.04037382756690296,3,0.07442041941924875,3,0.07710203488284119,3,0.29211850813500045,3,0.2712493815284149,3,0.15905181619928474,3,0.585250455003539,3,0.3714403998732307,3,-0.5927883276049607,3,-0.5654140604248886,3,0.37008014219212443,3,0.047709367481304395,3,0.3156614393871467,3,0.17381276121464315
44,degraded_2,degraded_2,degraded,2024,dry,current,4,4,0,3,4,0.04119831038936232,4,0.076257533217806,4,0.07025261531393001,4,0.3227303402322698,4,0.2753094998341815,4,0.15068994579449357,4,0.6406537442108109,4,0.4392311569232494,4,-0.6156749857659398,4,-0.5639235411401815,4,0.4228234601160962,4,0.08128080928288575,4,0.3674148718280408,4,0.20868106045427937
45,degraded_2,degraded_2,degraded,2024,wet,current,3,3,0,2,3,0.0399217971017762,3,0.07379774460705153,3,0.0742922304192289,3,0.29756074190602316,3,0.27411362246169085,3,0.15447068028206115,3,0.6040494751822898,3,0.3877109564992713,3,-0.600713343642158,3,-0.568807990461455,3,0.3828650775990621,3,0.05308537002674737,3,0.3303229654591299,3,0.18167842354828456
46,degraded_2,degraded_2,degraded,2025,dry,current,4,4,0,3,3,0.0407900116622551,3,0.07306799033440163,3,0.06522315105318933,3,0.29479920091587647,3,0.25035399902507915,3,0.14135077296915846,3,0.6352260245685634,3,0.41362450593515615,3,-0.5980230313517075,3,-0.5432424973244832,3,0.3973470623886867,3,0.08222375595896717,3,0.35160620592523745,3,0.18893781384724054
47,degraded_2,degraded_2,degraded,2025,wet,current,3,3,0,2,3,0.04352510295282033,3,0.0696732366576423,3,0.06919027528187516,3,0.2561312079540064,3,0.25857363126892224,3,0.16280900536510715,3,0.5596733009856881,3,0.34345043800471964,3,-0.5594693718140397,3,-0.568767168915207,3,0.33274827511387195,3,-0.005699742578748862,3,0.22563645784136763,3,0.1511102646851948
48,degraded_3,degraded_3,degraded,2014,dry,baseline,4,3,1,3,0,,0,,0,,0,,0,,0,,0,,0,,0,,0,,0,,0,,0,,0,
49,degraded_3,degraded_3,degraded,2014,wet,baseline,3,3,0,2,1,,1,,1,,1,,1,,1,,1,,1,,1,,1,,1,,1,,1,,1,
50,degraded_3,degraded_3,degraded,2015,dry,baseline,4,3,1,3,0,,0,,0,,0,,0,,0,,0,,0,,0,,0,,0,,0,,0,,0,
51,degraded_3,degraded_3,degraded,2015,wet,baseline,3,1,2,2,0,,0,,0,,0,,0,,0,,0,,0,,0,,0,,0,,0,,0,,0,
52,degraded_3,degraded_3,degraded,2016,dry,baseline,4,4,0,3,3,0.0415744660400209,3,0.06715696322026969,3,0.06996196243101584,3,0.27629927334913934,3,0.2541392077135447,3,0.15455454997892995,3,0.5934204132410649,3,0.37400036215009785,3,-0.6058592906527299,3,-0.5792902159049053,3,0.3641675463128374,3,0.044902504852391334,3,0.2889612763578499,3,0.166795000192092
53,degraded_3,degraded_3,degraded,2016,wet,baseline,3,3,0,2,2,0.04686484723193085,2,0.07435213433950545,2,0.07877196322706435,2,0.2792468904428864,2,0.2754262581078589,2,0.16712673337409734,2,0.5545919125092823,2,0.3592707346493203,2,-0.5747589614268396,2,-0.5730543553446807,2,0.34827475758509563,2,0.005953411484332198,2,0.2543128149542385,2,0.15903089635156983
54,degraded_3,degraded_3,degraded,2017,dry,baseline,4,4,0,3,2,,2,,2,,2,,2,,2,,2,,2,,2,,2,,2,,2,,2,,2,
55,degraded_3,degraded_3,degraded,2017,wet,baseline,3,3,0,2,2,0.0529630089904477,2,0.07718265543120105,2,0.0941685574414234,2,0.24822894669637563,2,0.3113301820648502,2,0.20502740855907076,2,0.4491903727347364,2,0.27368497075551984,2,-0.5234503049349121,2,-0.6002244087988661,2,0.2735481366559255,2,-0.11030264829142888,2,0.10180291640508335,2,0.11299365266959141
56,degraded_3,degraded_3,degraded,2018,dry,current,4,4,0,3,3,0.03942654166473356,3,0.06841360547076315,3,0.06462066656819053,3,0.3001393899918249,3,0.2476399713559377,3,0.14163099365692144,3,0.6460637513861374,3,0.42385149045064846,3,-0.62810836299314,3,-0.5655074033498196,3,0.40813494975966885,3,0.09880266396398246,3,0.36439940478154087,3,0.19494838840294548
57,degraded_3,degraded_3,degraded,2018,wet,current,3,3,0,2,2,0.039049684279644406,2,0.06451659516076075,2,0.06986823759191904,2,0.2548963473816407,2,0.25532277378102597,2,0.1611878571974997,2,0.5600453104985781,2,0.3377867560738854,2,-0.5874404414142693,2,-0.5921302877273138,2,0.3343301214210776,2,-0.0010232191591188489,2,0.22996671498420485,2,0.1494072924928949
58,degraded_3,degraded_3,degraded,2019,dry,current,4,4,0,3,2,,2,,2,,2,,2,,2,,2,,2,,2,,2,,2,,2,,2,,2,
59,degraded_3,degraded_3,degraded,2019,wet,current,3,3,0,2,2,0.0446151066123915,2,0.07358691101140369,2,0.07799669999647135,2,0.307956573736309,2,0.29195308148127386,2,0.16200234808720648,2,0.5917583863020641,2,0.39941117828493394,2,-0.6100943868067492,2,-0.5941635230098579,2,0.38755357895730963,2,0.02824051561869375,2,0.3116241668881916,2,0.1857260335395757
60,degraded_3,degraded_3,degraded,2020,dry,current,4,4,0,3,3,0.04156874662546114,3,0.0668351291313473,3,0.06725533514786813,3,0.279156439710273,3,0.2543446607843783,3,0.14694930051877478,3,0.6109673435614461,3,0.3871603018256555,3,-0.611934861739308,3,-0.581394346255249,3,0.37399121247685035,3,0.05132619656074793,3,0.3172502049609514,3,0.1726193975507906
61,degraded_3,degraded_3,degraded,2020,wet,current,3,3,0,2,2,0.03285328762872375,2,0.06356405043214411,2,0.0537943275331004,2,0.33866477450349386,2,0.2307585888653917,2,0.117525416628356,2,0.7248494277093231,2,0.5034318057103682,2,-0.6820264164652605,2,-0.5669534319392453,2,0.4776482407960986,2,0.19008854832515285,2,0.4867601183417499,2,0.24686770090700078
62,degraded_3,degraded_3,degraded,2021,dry,current,4,4,0,3,4,0.0400030716845968,4,0.0675847261354925,4,0.0655953154233673,4,0.2919632771773761,4,0.24810359914250035,4,0.1423152547492739,4,0.6303878096363646,4,0.4084658923647714,4,-0.6210239034154834,4,-0.5699555465880529,4,0.39403641869530265,4,0.08283090802241462,4,0.3484408190515404,4,0.18654661435248934
63,degraded_3,degraded_3,degraded,2021,wet,current,3,3,0,2,3,0.041448386756598,3,0.06790478252356554,3,0.07097470232077997,3,0.28719826177858043,3,0.25599104029317815,3,0.15071391716586371,3,0.600963202084658,3,0.38518110526594845,3,-0.6149339523163183,3,-0.5772318034298346,3,0.37583036754058624,3,0.06265032976654616,3,0.3168339938401124,3,0.17467285047105585
64,degraded_3,degraded_3,degraded,2022,dry,current,4,4,0,3,3,0.04091709211272256,3,0.0709048800311884,3,0.0673860565578076,3,0.32661066159265695,3,0.25431073812777294,3,0.14200082104004538,3,0.6565722586076443,3,0.45962287670656243,3,-0.6402715930915065,3,-0.5615227925478489,3,0.43392265910023026,3,0.12490931107355258,3,0.39542245441183393,3,0.21749735789501426
65,degraded_3,degraded_3,degraded,2022,wet,current,3,3,0,2,3,0.049307701122510095,3,0.07872180496692031,3,0.08423228814800611,3,0.29779676593088883,3,0.2885575187984479,3,0.1806723553006857,3,0.5478817399418239,3,0.37359829831287256,3,-0.5723165718121557,3,-0.5671317369278392,3,0.3584517110181265,3,0.013929026851314438,3,0.24329381227076685,3,0.17112803047898417
66,degraded_3,degraded_3,degraded,2023,dry,current,4,4,0,3,3,0.04702640890438533,3,0.08156244526110908,3,0.11069345137331539,3,0.2875126033051058,3,0.2886431995258522,3,0.17074969561212575,3,0.45229329728726925,3,0.29643026369027586,3,-0.5524618220495915,3,-0.5607640543392928,3,0.2963309894734492,3,-0.002047262481284664,3,0.2569801264836426,3,0.1392806885146475
67,degraded_3,degraded_3,degraded,2023,wet,current,3,3,0,2,3,0.04275855428747663,3,0.07250875650366387,3,0.09290912527927316,3,0.257605859517493,3,0.27166263831900445,3,0.1629462923501938,3,0.4772518662537372,3,0.28561761624294896,3,-0.5567767071310784,3,-0.5701547143068048,3,0.28543109672681016,3,-0.011824920709019702,3,0.2481839657858261,3,0.12988854706947048
68,degraded_3,degraded_3,degraded,2024,dry,current,4,4,0,3,3,0.05705170042767623,3,0.09620711628744989,3,0.15753740447959438,3,0.28769068225402505,3,0.35348325108511114,3,0.23199921845454272,3,0.31939256944664357,3,0.20243104561643613,3,-0.4998213259521882,3,-0.5703170108944542,3,0.21293478341036023,3,-0.0917217314081562,3,0.1286393808268853,3,0.09413118688331239
69,degraded_3,degraded_3,degraded,2024,wet,current,3,3,0,2,3,0.048251671901852665,3,0.08543221994571937,3,0.1392268810771983,3,0.2663766896096265,3,0.32193290135619185,3,0.1981432210116539,3,0.3239462165756369,3,0.19993789547216603,3,-0.5094508613930611,3,-0.5761446729938818,3,0.2126318514292954,3,-0.0896626787653273,3,0.1562276686191322,3,0.0929461972062265
70,degraded_3,degraded_3,degraded,2025,dry,current,4,4,0,3,3,0.0621509887048513,3,0.09609017126930035,3,0.1415875967405289,3,0.29331255840644915,3,0.36210779942538207,3,0.2506576895258367,3,0.36569106368696086,3,0.23787144477652386,3,-0.5077510916947306,3,-0.5780348010774572,3,0.24727990293829497,3,-0.09523328390805658,3,0.09638808169536921,3,0.1075004174928334
71,degraded_3,degraded_3,degraded,2025,wet,current,3,3,0,2,3,0.054307901773494066,3,0.08857036174226733,3,0.14637318991331158,3,0.2776033155882782,3,0.35458538496406894,3,0.23779115727084435,3,0.3181003005947057,3,0.20406340114536095,3,-0.510052679880047,3,-0.5978130128104712,3,0.213858106612567,3,-0.11886473618462383,3,0.08389137150296823,3,0.09489123892998459
72,ks_rehab,KS Rehab,focal,2014,dry,baseline,4,3,1,3,0,,0,,0,,0,,0,,0,,0,,0,,0,,0,,0,,0,,0,,0,
73,ks_rehab,KS Rehab,focal,2014,wet,baseline,3,3,0,2,2,0.04997048924242985,2,0.0815031855312594,2,0.08081105528244055,2,0.31423268879526634,2,0.2863152444329051,2,0.17272910995946983,2,0.5907479392051498,2,0.4105863665635791,2,-0.5872557801275576,2,-0.555115034404009,2,0.3904811775618442,2,0.0496111988515176,2,0.2964494429769001,2,0.18729341050527448
74,ks_rehab,KS Rehab,focal,2015,dry,baseline,4,3,1,3,0,,0,,0,,0,,0,,0,,0,,0,,0,,0,,0,,0,,0,,0,
75,ks_rehab,KS Rehab,focal,2015,wet,baseline,3,1,2,2,1,,1,,1,,1,,1,,1,,1,,1,,1,,1,,1,,1,,1,,1,
76,ks_rehab,KS Rehab,focal,2016,dry,baseline,4,4,0,3,4,0.03428002756262865,4,0.06228178060241778,4,0.058960813828269426,4,0.30536048238091146,4,0.22896140494183176,4,0.12962773724778057,4,0.675079322962791,4,0.44209702284103436,4,-0.6580754270687379,4,-0.5707184592073827,4,0.4265996082348472,4,0.1459828758483894,4,0.4101852756647419,4,0.20947500260251353
77,ks_rehab,KS Rehab,focal,2016,wet,baseline,3,3,0,2,3,0.03865769381456163,3,0.07117553536020156,3,0.07012753018974589,3,0.3156844649929339,3,0.2476579405495248,3,0.14324114194287987,3,0.6293132666787965,3,0.4259954723315275,3,-0.6257990907554695,3,-0.5521027693561876,3,0.41190808136105367,3,0.11797155463717153,3,0.3753684493355041,3,0.20490733728544488
78,ks_rehab,KS Rehab,focal,2017,dry,baseline,4,4,0,3,2,,2,,2,,2,,2,,2,,2,,2,,2,,2,,2,,2,,2,,2,
79,ks_rehab,KS Rehab,focal,2017,wet,baseline,3,3,0,2,1,,1,,1,,1,,1,,1,,1,,1,,1,,1,,1,,1,,1,,1,
80,ks_rehab,KS Rehab,focal,2018,dry,current,4,4,0,3,2,,2,,2,,2,,2,,2,,2,,2,,2,,2,,2,,2,,2,,2,
81,ks_rehab,KS Rehab,focal,2018,wet,current,3,3,0,2,2,0.03029568491156505,2,0.05986051082787221,2,0.0538461802669731,2,0.3070788990560781,2,0.21691699072832665,2,0.1160109371150401,2,0.6960906685060944,2,0.4539154709376902,2,-0.667972684480767,2,-0.5640843034128247,2,0.4388024411014366,2,0.17214625222640756,2,0.4538776336918149,2,0.21881769480469226
82,ks_rehab,KS Rehab,focal,2019,dry,current,4,4,0,3,3,0.042318545949266866,3,0.0720974841152191,3,0.09566776245671803,3,0.2907293376882794,3,0.2767913921916688,3,0.17976084290453445,3,0.5174383225880201,3,0.3341217277406377,3,-0.5990442347135448,3,-0.5856376563431623,3,0.3327783029007488,3,0.033195947693598564,3,0.2566030289842693,3,0.1576716848366013
83,ks_rehab,KS Rehab,focal,2019,wet,current,3,3,0,2,2,0.0381668131614531,2,0.0663540328395531,2,0.07712414413975316,2,0.2785579316036526,2,0.2602431383190099,2,0.15934655180230123,2,0.5706614737100255,2,0.35365885500736555,2,-0.6114106215413728,2,-0.5885096048239311,2,0.3532941218376012,2,0.04232688711527095,2,0.28911022898953226,2,0.1632632314390762
84,ks_rehab,KS Rehab,focal,2020,dry,current,4,4,0,3,4,0.05506328640464675,4,0.0893833553131872,4,0.15712573912286515,4,0.2654392550485369,4,0.3614789049287087,4,0.25484192805783007,4,0.2695280875754626,4,0.1679192439556191,4,-0.4926523470116062,4,-0.6027597692505234,4,0.17894284250022496,4,-0.14684864189314736,4,0.03098010614231545,4,0.0775574762413295
85,ks_rehab,KS Rehab,focal,2020,wet,current,3,3,0,2,2,0.03591868232052455,2,0.06804513510989746,2,0.09397802016293699,2,0.2866189643913018,2,0.26200466408740025,2,0.1579515885348844,2,0.5193350050413862,2,0.33395894086428,2,-0.6072338496194472,2,-0.5841958447843438,2,0.33065335233216797,2,0.0567747431928469,2,0.3097690061551702,2,0.16282038079715325
86,ks_rehab,KS Rehab,focal,2021,dry,current,4,4,0,3,4,0.04493662039852482,4,0.07780193548045397,4,0.10299591726225753,4,0.29166077165835286,4,0.2884167765319189,4,0.18679589720182616,4,0.48677455209021897,4,0.3142826596606636,4,-0.5750017345463109,4,-0.5735591653276895,4,0.31766122752137316,4,0.012419187226572254,4,0.23328437530658494,4,0.14867406749220827
87,ks_rehab,KS Rehab,focal,2021,wet,current,3,3,0,2,3,0.0452302388699987,3,0.0804740029619125,3,0.11733022921098098,3,0.28101129338642145,3,0.290797027423765,3,0.1882921647132653,3,0.43006281659683204,3,0.2702277721971839,3,-0.5536826758629875,3,-0.5670766228504133,3,0.2774064665487899,3,-0.005108516509881501,3,0.21738167478156015,3,0.12926633977721166
88,ks_rehab,KS Rehab,focal,2022,dry,current,4,4,0,3,4,0.046038478379809275,4,0.08574044273360074,4,0.1002183316274978,4,0.3319480096053351,4,0.2847749424559388,4,0.16782227815427167,4,0.5462922173653223,4,0.38334628298795626,4,-0.5852267733190449,4,-0.5378714939083009,4,0.37348871310982945,4,0.07829697691272025,4,0.3332741000936228,4,0.18983146579769528
89,ks_rehab,KS Rehab,focal,2022,wet,current,3,3,0,2,3,0.05184253649159454,3,0.08689532118021666,3,0.11807819523619512,3,0.29496961830630064,3,0.31659160521798874,3,0.20058709511162495,3,0.43349372297965094,3,0.2886763941664169,3,-0.5400840994449032,3,-0.5686671124193027,3,0.2905985563233599,3,-0.03435411754806597,3,0.19389915647366562,3,0.13629022602338695
90,ks_rehab,KS Rehab,focal,2023,dry,current,4,4,0,3,2,,2,,2,,2,,2,,2,,2,,2,,2,,2,,2,,2,,2,,2,
91,ks_rehab,KS Rehab,focal,2023,wet,current,3,3,0,2,3,0.05241568029173377,3,0.09295657749623228,3,0.13342081457525745,3,0.2870819657268076,3,0.29927732866891715,3,0.18863370565692908,3,0.3774732220142946,3,0.24253630405021198,3,-0.5093257789270942,3,-0.5300063889126815,3,0.2528223178844395,3,-0.01941783424691873,3,0.2161864070283216,3,0.11526855210892976
92,ks_rehab,KS Rehab,focal,2024,dry,current,4,4,0,3,3,0.04714938037727853,3,0.08355173368570686,3,0.0964852093213987,3,0.2918572969206276,3,0.2923561777197652,3,0.17497096732508866,3,0.5072368339061962,3,0.32654338509280006,3,-0.5534110049095079,3,-0.550636828301473,3,0.3299635969976215,3,0.0071255325770041315,3,0.25906468085647544,3,0.15149013124116173
93,ks_rehab,KS Rehab,focal,2024,wet,current,3,3,0,2,3,0.046630545086087764,3,0.08745593488307613,3,0.10679725712910974,3,0.2968961394707404,3,0.27366916943630565,3,0.1651573394615108,3,0.4820074020732199,3,0.3116845482543979,3,-0.5433318416997278,3,-0.5181990842531049,3,0.3157360928598007,3,0.04315916739031317,3,0.2878937864225952,3,0.15015196819106505
94,ks_rehab,KS Rehab,focal,2025,dry,current,4,4,0,3,2,,2,,2,,2,,2,,2,,2,,2,,2,,2,,2,,2,,2,,2,
95,ks_rehab,KS Rehab,focal,2025,wet,current,3,3,0,2,3,0.04808268996914441,3,0.08080475311576166,3,0.08883449762476227,3,0.2949697284864706,3,0.2895671788147344,3,0.1775464110785293,3,0.5251592180160795,3,0.35451867274170684,3,-0.556291255276768,3,-0.5549147550380803,3,0.3445985352731989,3,0.01065389153514664,3,0.24758079857374873,3,0.16589326198544077
96,buda,Buda,reference,2014,dry,baseline,4,3,1,3,0,,0,,0,,0,,0,,0,,0,,0,,0,,0,,0,,0,,0,,0,
97,buda,Buda,reference,2014,wet,baseline,3,3,0,2,2,0.03747432962817225,2,0.0694973256443045,2,0.06071529276509935,2,0.35780005803659254,2,0.24403090030493801,2,0.12675780678241194,2,0.7059539410849796,2,0.5185903668831686,2,-0.6689742095784574,2,-0.5581535065855545,2,0.4836040396548713,2,0.19946523033430302,2,0.48605955588244176,2,0.2593649680179618
98,buda,Buda,reference,2015,dry,baseline,4,3,1,3,0,,0,,0,,0,,0,,0,,0,,0,,0,,0,,0,,0,,0,,0,
99,buda,Buda,reference,2015,wet,baseline,3,1,2,2,1,,1,,1,,1,,1,,1,,1,,1,,1,,1,,1,,1,,1,,1,
100,buda,Buda,reference,2016,dry,baseline,4,4,0,3,4,0.0180168434403189,4,0.039664629276694695,4,0.024769822916835126,4,0.32904167834405823,4,0.15805148808932526,4,0.06392426056925123,4,0.8591576171424139,4,0.5660915517633878,4,-0.7838171682375633,4,-0.5993784394966833,4,0.53339505244468,4,0.35078001397863773,4,0.675078423122767,4,0.2834869537272737
101,buda,Buda,reference,2016,wet,baseline,3,3,0,2,3,0.02039141025229323,3,0.04971116219010313,3,0.031484219437123005,3,0.387033365805258,3,0.17185486970927819,3,0.07161836678747237,3,0.847964606454419,3,0.6233717293581184,3,-0.7711818450675542,3,-0.5539554291493172,3,0.5779650312442303,3,0.3830132609866981,3,0.6870752864970191,3,0.3296728012150431
102,buda,Buda,reference,2017,dry,baseline,4,4,0,3,2,,2,,2,,2,,2,,2,,2,,2,,2,,2,,2,,2,,2,,2,
103,buda,Buda,reference,2017,wet,baseline,3,3,0,2,1,,1,,1,,1,,1,,1,,1,,1,,1,,1,,1,,1,,1,,1,
104,buda,Buda,reference,2018,dry,current,4,4,0,3,3,0.018377610245269866,3,0.038379108137930135,3,0.025352793538734365,3,0.287493986741935,3,0.14745850426295923,3,0.061102914574852035,3,0.8284644161201489,3,0.4940931974453857,3,-0.7560550968571048,3,-0.5649039987453833,3,0.4687637727272291,3,0.3341601972811816,3,0.6578499965470403,3,0.24163859438426907
105,buda,Buda,reference,2018,wet,current,3,3,0,2,2,0.01567982735417315,2,0.038441410992567454,2,0.0230346223076229,2,0.3222885755232827,2,0.14151490214562457,2,0.05448213935663745,2,0.8657386939328895,2,0.55726606911951,2,-0.7862468961278946,2,-0.573561825462765,2,0.5298483772526865,2,0.3899465274788445,2,0.7111131322793331,2,0.27992527940274137
106,buda,Buda,reference,2019,dry,current,4,4,0,3,3,0.0172984772305952,3,0.03938224109742767,3,0.022557318057178404,3,0.3424878520521706,3,0.15298694616168784,3,0.05789620496601757,3,0.8762924837268574,3,0.5930214369555811,3,-0.7935859498250801,3,-0.5902717269554766,3,0.55405616700394,3,0.38298286707377543,3,0.7112307680968014,3,0.3003773052250795
107,buda,Buda,reference,2019,wet,current,3,3,0,2,2,0.0160207949532143,2,0.03952367200030035,2,0.02515979841136015,2,0.323956000205153,2,0.14692668929707337,2,0.0587973626401593,2,0.855105045931156,2,0.5512443153577388,2,-0.7817131973770708,2,-0.5764577382551992,2,0.5269048373976273,2,0.37673521279439726,2,0.6937434714064419,2,0.2779431250413755
108,buda,Buda,reference,2020,dry,current,4,4,0,3,3,0.019480805329672803,3,0.04107943904416707,3,0.023703120353042565,3,0.35111316056489045,3,0.1695274873648427,3,0.06487519695721716,3,0.8718388511972209,3,0.6066966233972498,3,-0.7891326581792822,3,-0.6102639927705141,3,0.5596841760893789,3,0.3472180868920975,3,0.6866230719425147,3,0.3071004996684436
109,buda,Buda,reference,2020,wet,current,3,3,0,2,2,0.01629280223367645,2,0.0372632956816093,2,0.0208864963195787,2,0.3426949045328105,2,0.14408833084665357,2,0.05352299705705919,2,0.8847727144527082,2,0.5978091885100758,2,-0.8035862548597015,2,-0.5899613814639593,2,0.558214653268112,2,0.40816735327537834,2,0.7300477183763784,2,0.30363428680046156
110,buda,Buda,reference,2021,dry,current,4,4,0,3,3,0.016928716977234266,3,0.038822712335007066,3,0.023922239253770166,3,0.32688614779298014,3,0.1550610087305494,3,0.06062685503336394,3,0.8623313723053695,3,0.562713012626897,3,-0.786515565370328,3,-0.6001013159807285,3,0.5323598463352787,3,0.35576455685784847,3,0.6863220482946439,3,0.28270819679378034
111,buda,Buda,reference,2021,wet,current,3,3,0,2,3,0.015308259932546664,3,0.039889525759229466,3,0.0249690949880115,3,0.33811561954893454,3,0.1472167696076538,3,0.05871667026147893,3,0.8609262584060299,3,0.5693001126769593,3,-0.7881366847005244,3,-0.5743235348646029,3,0.5419022283538274,3,0.3932940426717461,3,0.7034064834928001,3,0.2922214079011099
112,buda,Buda,reference,2022,dry,current,4,4,0,3,4,0.021763718748997005,4,0.04262930747083925,4,0.023843351324583928,4,0.362121552370595,4,0.1601336252946632,4,0.0621332740883096,4,0.8751015754814826,4,0.6294569282310598,4,-0.7880621335407824,4,-0.5787652494484598,4,0.5711873507535565,4,0.38571733981468437,4,0.7058007573720798,4,0.3177041866939237
113,buda,Buda,reference,2022,wet,current,3,3,0,2,3,0.0195325185981769,3,0.0453679450334002,3,0.03263333605108597,3,0.3399688852925505,3,0.1639145340519998,3,0.07060505682125733,3,0.823643249572783,3,0.5530522208933566,3,-0.7631616342539904,3,-0.5654151634923728,3,0.5262757144450911,3,0.35200949622035616,3,0.6589596047104461,3,0.28184606532374706
114,buda,Buda,reference,2023,dry,current,4,4,0,3,2,,2,,2,,2,,2,,2,,2,,2,,2,,2,,2,,2,,2,,2,
115,buda,Buda,reference,2023,wet,current,3,3,0,2,3,0.014893749031246434,3,0.0390373698054882,3,0.022324164061896166,3,0.35223348842102714,3,0.14645076722091765,3,0.05567067473233677,3,0.8793707019568459,3,0.5992519531472249,3,-0.7996430015006876,3,-0.5796450386815871,3,0.5638256556255291,3,0.4120052717086211,3,0.7261000531461859,3,0.31065129787088597
116,buda,Buda,reference,2024,dry,current,4,4,0,3,3,0.0183672704557214,3,0.04105758003636983,3,0.02389027972541463,3,0.35933067991620576,3,0.16443722169725924,3,0.06348245445762417,3,0.87406890859942,3,0.6134685928091915,3,-0.7939977997011188,3,-0.6007832580122278,3,0.5678865123667425,3,0.37128879865906717,3,0.6987445690126816,3,0.3148198639329294
117,buda,Buda,reference,2024,wet,current,3,3,0,2,3,0.014896494467247966,3,0.04027380567477637,3,0.0231776262624996,3,0.35407175232815646,3,0.14235567134545582,3,0.055101005228226065,3,0.8765462467350195,3,0.598073973517407,3,-0.7953869198052784,3,-0.5594004726133701,3,0.5645213085311901,3,0.42608122430721007,3,0.7303367195943712,3,0.31076413781614426
118,buda,Buda,reference,2025,dry,current,4,4,0,3,2,,2,,2,,2,,2,,2,,2,,2,,2,,2,,2,,2,,2,,2,
119,buda,Buda,reference,2025,wet,current,3,3,0,2,3,0.0172679656275038,3,0.040272237453759706,3,0.022087308590581136,3,0.3564994340439593,3,0.14696686046196658,3,0.055537718952695804,3,0.8819500946330271,3,0.6140883004767497,3,-0.7965268934658022,3,-0.5709177146433149,3,0.568942367848369,3,0.4151431913378803,3,0.729253477091324,3,0.315188549834912
120,gogoni,Gogoni,reference,2014,dry,baseline,4,3,1,3,0,,0,,0,,0,,0,,0,,0,,0,,0,,0,,0,,0,,0,,0,
121,gogoni,Gogoni,reference,2014,wet,baseline,3,3,0,2,2,0.0411472061819127,2,0.06631551471195515,2,0.05237688393141295,2,0.3312968756130179,2,0.19952152647813237,2,0.10234215292301785,2,0.7210729498259094,2,0.5200335253667474,2,-0.6600097246130585,2,-0.4958106460666337,2,0.4703446023011558,2,0.2541875053360535,2,0.5352990704653287,2,0.24478842314221316
122,gogoni,Gogoni,reference,2015,dry,baseline,4,3,1,3,1,,1,,1,,1,,1,,1,,1,,1,,1,,1,,1,,1,,1,,1,
123,gogoni,Gogoni,reference,2015,wet,baseline,3,1,2,2,1,,1,,1,,1,,1,,1,,1,,1,,1,,1,,1,,1,,1,,1,
124,gogoni,Gogoni,reference,2016,dry,baseline,4,4,0,3,4,0.0360470462776513,4,0.06121132032959367,4,0.04889177269877107,4,0.3191698050179146,4,0.19585146001823364,4,0.09950195360315747,4,0.7343927553223947,4,0.5040812280747718,4,-0.6770798900912371,4,-0.5229779029818392,4,0.4655984098678565,4,0.2471114945713361,4,0.5359713688733818,4,0.2373310863150369
125,gogoni,Gogoni,reference,2016,wet,baseline,3,3,0,2,3,0.0403354326467299,3,0.06567661106116283,3,0.0547145135011142,3,0.3149116951922943,3,0.21263888945570422,3,0.11376246689936047,3,0.6956430446439107,3,0.4838571663404627,3,-0.6452935153444105,3,-0.5202896410809772,3,0.4436901438313015,3,0.20201950808477806,3,0.47991474177972543,3,0.2271390658279954
126,gogoni,Gogoni,reference,2017,dry,baseline,4,4,0,3,3,0.04456324798842697,3,0.06920697058443553,3,0.0601735091080056,3,0.3142743012679528,3,0.22190243040968738,3,0.12093328272794228,3,0.6777750540194374,3,0.4743551895416222,3,-0.636402255127754,3,-0.5223141301384301,3,0.4351111105244791,3,0.18067507022790574,3,0.4564575528860641,3,0.21676854488651223
127,gogoni,Gogoni,reference,2017,wet,baseline,3,3,0,2,2,0.0439891601449801,2,0.0676671199814606,2,0.06553007890160045,2,0.28787868020248486,2,0.23162846668592613,2,0.13519520783286446,2,0.6301852802685277,2,0.41378416259981077,2,-0.6141181244585782,2,-0.5335793784245926,2,0.3897695997511868,2,0.1346385871439997,2,0.3985894979181043,2,0.18819856131490964
128,gogoni,Gogoni,reference,2018,dry,current,4,4,0,3,3,0.03459729217268217,3,0.05937270197689807,3,0.04563366039760363,3,0.3122502929764818,3,0.19186602665656274,3,0.09321715277865004,3,0.7453056226074167,3,0.5033135851654242,3,-0.6795002978146503,3,-0.5271283433997144,3,0.4655180359218339,3,0.24642971450049544,3,0.550374452515009,3,0.2350975798506227
129,gogoni,Gogoni,reference,2018,wet,current,3,3,0,2,2,0.03199025983850285,2,0.057582143773645206,2,0.04614339165987165,2,0.3106036876952828,2,0.19347759802799291,2,0.09780159442905464,2,0.7366724144424457,2,0.4920433911032807,2,-0.6811723757017032,2,-0.5334254988890187,2,0.46093265056207783,2,0.2449246688632581,2,0.536119545418792,2,0.235270794102039
130,gogoni,Gogoni,reference,2019,dry,current,4,4,0,3,3,0.03671970091015939,3,0.060937505209676335,3,0.04682379156773877,3,0.3257030424145628,3,0.19229676623236047,3,0.09525206716051031,3,0.7490513191104508,3,0.5235872888370482,3,-0.6832816296796982,3,-0.5183586889600431,3,0.47869641735109064,3,0.2661414601153121,3,0.5586371398436031,3,0.24655267334606976
131,gogoni,Gogoni,reference,2019,wet,current,3,3,0,2,2,0.034721396000489055,2,0.05974057678284185,2,0.050609827788730105,2,0.3131080390587551,2,0.2036807151241577,2,0.106665395349579,2,0.7163496791385817,2,0.4850938271546622,2,-0.6721549149822316,2,-0.5374643743063208,2,0.4536990492745818,2,0.2243045586251245,2,0.5065071590463726,2,0.23167563025752602
132,gogoni,Gogoni,reference,2020,dry,current,4,4,0,3,4,0.03546852350450823,4,0.05783001370689379,4,0.04595089377030995,4,0.315862029207329,4,0.19444337476910425,4,0.09566359942896595,4,0.743141437921213,4,0.5098619072832333,4,-0.6859770379678883,4,-0.5381964174362465,4,0.4682914168737403,4,0.24670680353245994,4,0.5470845194298368,4,0.23936195014562006
133,gogoni,Gogoni,reference,2020,wet,current,3,3,0,2,2,0.02884907090257995,2,0.0543485238844508,2,0.0364588725269467,2,0.34675239484931114,2,0.1732201238950629,2,0.0766169119038868,2,0.8071361389160083,2,0.5744234542528612,2,-0.7258969914704894,2,-0.5219712999955941,2,0.5251194428445096,2,0.3379335899935103,2,0.6420065556875003,2,0.2830416287183828
134,gogoni,Gogoni,reference,2021,dry,current,4,4,0,3,4,0.0356843398648267,4,0.05946362636117713,4,0.04820113617188075,4,0.3111530481112614,4,0.19577014263921175,4,0.09836952010551488,4,0.7308416556403793,4,0.49324184770079693,4,-0.6764865905497967,4,-0.5321138353002266,4,0.4577387459540622,4,0.23661960230594725,4,0.5317256151566281,4,0.2307260892103526
135,gogoni,Gogoni,reference,2021,wet,current,3,3,0,2,3,0.03467317675905753,3,0.05973608453794057,3,0.04794507399463973,3,0.32876207494641835,3,0.1985767055716592,3,0.09813267556402183,3,0.7428946100892077,3,0.5189379468797739,3,-0.6881887378486202,3,-0.5300063923657216,3,0.4791688119415933,3,0.260214425728354,3,0.5533274014863475,3,0.2498003393517818
136,gogoni,Gogoni,reference,2022,dry,current,4,4,0,3,4,0.03851461376291115,4,0.06252908783064937,4,0.048905679473441196,4,0.33691730018015986,4,0.19684984367422895,4,0.09841357755265943,4,0.7447695013754208,4,0.536913689670351,4,-0.6838978349530871,4,-0.5170609899012722,4,0.48593782301993693,4,0.2691378616609312,4,0.5571800874348185,4,0.25468087908280107
137,gogoni,Gogoni,reference,2022,wet,current,3,3,0,2,3,0.0416145581499403,3,0.06713695195295442,3,0.05841403270727783,3,0.3190654658889566,3,0.21540896575243793,3,0.11722264355875227,3,0.687868633384734,3,0.4801941365513354,3,-0.6460983382966159,3,-0.5137798704715224,3,0.4431047157291815,3,0.21228217790043935,3,0.48668666703127156,3,0.22637732298311253
138,gogoni,Gogoni,reference,2023,dry,current,4,4,0,3,3,0.040263776625704496,3,0.06479912305671946,3,0.051478332628697165,3,0.32881986589500484,3,0.20382298342993507,3,0.10406619046252043,3,0.7274081159102632,3,0.5188498801249685,3,-0.6675103512473903,3,-0.5162553880546997,3,0.47121099663355276,3,0.2412911841145923,3,0.5286299053975713,3,0.24234049158053006
139,gogoni,Gogoni,reference,2023,wet,current,3,3,0,2,3,0.03747702864254023,3,0.06172525087142953,3,0.0491780977964241,3,0.33634590882976007,3,0.20251690565082323,3,0.10180119905443573,3,0.7411866258333974,3,0.5317783533915598,3,-0.684802269667979,3,-0.5278222232069071,3,0.4826516395553675,3,0.2618819848868033,3,0.5506448964928824,3,0.25599107803124843
140,gogoni,Gogoni,reference,2024,dry,current,4,4,0,3,3,0.03538625823275913,3,0.05856090093175861,3,0.045846155845993074,3,0.3243963856015098,3,0.18995596766688363,3,0.09205768630374662,3,0.7529188587018174,3,0.5225174703576804,3,-0.6924152198693553,3,-0.5277602824512013,3,0.4793401793525081,3,0.2729232868696114,3,0.5717901273307726,3,0.24760459529639114
141,gogoni,Gogoni,reference,2024,wet,current,3,3,0,2,3,0.030101481964677632,3,0.056701991659902,3,0.041602887360746,3,0.3473364000796962,3,0.17734608066950686,3,0.0832603831140908,3,0.7822028595831565,3,0.5571382801251402,3,-0.714846078807751,3,-0.5100097755584372,3,0.5126494300636962,3,0.3301374513256952,3,0.618352901168778,3,0.2753332499905085
142,gogoni,Gogoni,reference,2025,dry,current,4,4,0,3,3,0.04551620539759183,3,0.06737253759171917,3,0.05785767352656093,3,0.31869101827681195,3,0.21809461604590422,3,0.11647010700598086,3,0.6973332058391505,3,0.4937581682735002,3,-0.6515438075008172,3,-0.5256105357039661,3,0.44656117629496617,3,0.20033070382829854,3,0.4838069565784302,3,0.22396650129519521
143,gogoni,Gogoni,reference,2025,wet,current,3,3,0,2,3,0.03753780872742973,3,0.06109181806044687,3,0.046781056270144006,3,0.33758086645976565,3,0.19661155529784335,3,0.0974647651139981,3,0.7553862824435064,3,0.5445694334308473,3,-0.6902263247981907,3,-0.5198495791159911,3,0.4912556994068115,3,0.2769064531645965,3,0.5673490283448476,3,0.25981634590994557
144,shimba_hills,Shimba Hills,reference,2014,dry,baseline,4,3,1,3,0,,0,,0,,0,,0,,0,,0,,0,,0,,0,,0,,0,,0,,0,
145,shimba_hills,Shimba Hills,reference,2014,wet,baseline,3,3,0,2,2,0.02511499929648105,2,0.05590293012208195,2,0.03776105890688,2,0.3527474389329909,2,0.1865623494764842,2,0.0842565902014775,2,0.8033629106516904,2,0.565524034738796,2,-0.7229133104382832,2,-0.5374521007644787,2,0.5279126526277442,2,0.309083047600455,2,0.6149938709857798,2,0.2862251584608666
146,shimba_hills,Shimba Hills,reference,2015,dry,baseline,4,3,1,3,1,,1,,1,,1,,1,,1,,1,,1,,1,,1,,1,,1,,1,,1,
147,shimba_hills,Shimba Hills,reference,2015,wet,baseline,3,1,2,2,1,,1,,1,,1,,1,,1,,1,,1,,1,,1,,1,,1,,1,,1,
148,shimba_hills,Shimba Hills,reference,2016,dry,baseline,4,4,0,3,4,0.02365634830812635,4,0.05021076253163568,4,0.03865130782665717,4,0.31523013101340003,4,0.1945547463184369,4,0.09234200383354654,4,0.7808272261034204,4,0.5066282071109363,4,-0.722667637618982,4,-0.588826573233832,4,0.48448209587664925,4,0.24236249033401616,4,0.5534000636971953,4,0.24897618943102762
149,shimba_hills,Shimba Hills,reference,2016,wet,baseline,3,3,0,2,3,0.023020657467457805,3,0.0507291457843709,3,0.035133792746899005,3,0.33017444215905867,3,0.18163024210993836,3,0.08174038683960709,3,0.7946498551916398,3,0.5375762703204289,3,-0.7230792963050151,3,-0.5604262877357448,3,0.5036827686483852,3,0.28384083949766953,3,0.5945353285142679,3,0.26978448769489954
150,shimba_hills,Shimba Hills,reference,2017,dry,baseline,4,4,0,3,2,,2,,2,,2,,2,,2,,2,,2,,2,,2,,2,,2,,2,,2,
151,shimba_hills,Shimba Hills,reference,2017,wet,baseline,3,3,0,2,2,0.026419317526067097,2,0.054424549288221796,2,0.04763311090382455,2,0.28725586663446856,2,0.21131738302890746,2,0.10638148258586916,2,0.713921611939135,2,0.43679173746874034,2,-0.6780019688523622,2,-0.5888551168836018,2,0.4279969195235785,2,0.15861349196022695,2,0.46867356700600643,2,0.2091854275625788
152,shimba_hills,Shimba Hills,reference,2018,dry,current,4,4,0,3,3,0.0208103185845006,3,0.046044432764515135,3,0.030330799028835936,3,0.33056706114133316,3,0.17880595427385526,3,0.0751701903829822,3,0.8304427569000046,3,0.5536531553539877,3,-0.7538623359567266,3,-0.5908425494934932,3,0.5214389718832453,3,0.2993119521259393,3,0.6302277035480155,3,0.2760901938353708
153,shimba_hills,Shimba Hills,reference,2018,wet,current,3,3,0,2,2,0.0201394929850238,2,0.0478920295122852,2,0.03204240324356345,2,0.32552125757069583,2,0.17235974497280188,2,0.07467600882903086,2,0.8129999938097595,2,0.5363058740522622,2,-0.7376945809612401,2,-0.5644414232134696,2,0.5090171404402405,2,0.3040823338872629,2,0.6215063309037057,2,0.2690659080280272
154,shimba_hills,Shimba Hills,reference,2019,dry,current,4,4,0,3,3,0.019891067833932033,3,0.04664823145798133,3,0.02882665409426473,3,0.35060629396858295,3,0.17156121560940477,3,0.07142724569368032,3,0.8466220524176039,3,0.5850358486790458,3,-0.7637301838329172,3,-0.5723487894869398,3,0.5468463263744935,3,0.344399778277394,3,0.6622030140219172,3,0.2983022006821342
155,shimba_hills,Shimba Hills,reference,2019,wet,current,3,3,0,2,2,0.02208995482561835,2,0.0496806493150609,2,0.038340346433090006,2,0.31565323783793886,2,0.1879366819770738,2,0.08907851768622635,2,0.7762011865670844,2,0.5025208757323353,2,-0.720843621815191,2,-0.5793971070316588,2,0.48335559173301357,2,0.25490517162536946,2,0.5611684118110689,2,0.2505450508817379
156,shimba_hills,Shimba Hills,reference,2020,dry,current,4,4,0,3,4,0.02287534313839615,4,0.048628115983624876,4,0.035389864608548253,4,0.32888265295009267,4,0.19311886446164925,4,0.08629924341235871,4,0.8001422188885623,4,0.5364876276330489,4,-0.7373657842206183,4,-0.5978666779498127,4,0.5064041645224157,4,0.2600424615503443,4,0.583099662323764,4,0.2673180673893811
157,shimba_hills,Shimba Hills,reference,2020,wet,current,3,3,0,2,3,0.01855311728937997,3,0.04617257698668544,3,0.027115548903571998,3,0.3612368169379798,3,0.16829791416811826,3,0.06820342939245737,3,0.8564183199903459,3,0.602196586146544,3,-0.7702202478158521,3,-0.5686800148355358,3,0.5605919935812435,3,0.36377008591388066,3,0.6799436257342283,3,0.31191729539694363
158,shimba_hills,Shimba Hills,reference,2021,dry,current,4,4,0,3,4,0.0244765958695035,4,0.050430281694169424,4,0.04262101155799273,4,0.305694114856317,4,0.19444537688973923,4,0.09361579886710816,4,0.7521480341625433,4,0.4808521872529975,4,-0.7117790739271402,4,-0.587509428000691,4,0.46287155588901996,4,0.22618874907220046,4,0.5357973596642774,4,0.23530644158008815
159,shimba_hills,Shimba Hills,reference,2021,wet,current,3,3,0,2,3,0.0221470750392307,3,0.051046109944318435,3,0.039089607532473196,3,0.32020515800425625,3,0.18703325708011878,3,0.08976529386628877,3,0.774661185513072,3,0.5064847672303991,3,-0.7181960604682591,3,-0.5683476820229477,3,0.4864915039244038,3,0.2634279682442137,3,0.5632123409678126,3,0.2539418372316801
160,shimba_hills,Shimba Hills,reference,2022,dry,current,4,4,0,3,4,0.022267104797614724,4,0.04746566398419995,4,0.031390585321419424,4,0.3340117284684123,4,0.1744313904496238,4,0.07556423872976185,4,0.826940446750784,4,0.5591020661159133,4,-0.7493734595441205,4,-0.5712318203592726,4,0.5228733774301205,4,0.31695674873800517,4,0.6336225958732471,4,0.27805533675740757
161,shimba_hills,Shimba Hills,reference,2022,wet,current,3,3,0,2,3,0.027605836250615096,3,0.0569330113812481,3,0.04796674366208276,3,0.3083250329397864,3,0.20332317271144684,3,0.10455918321436918,3,0.7263413679482915,3,0.4705141028332111,3,-0.6827960140668319,3,-0.5594918147764187,3,0.4526863656760007,3,0.21076613927258145,3,0.5026705905435848,3,0.2296340237177998
162,shimba_hills,Shimba Hills,reference,2023,dry,current,4,4,0,3,3,0.031070247475152732,3,0.0574015539308445,3,0.04475560277077737,3,0.3695611389018621,3,0.20968277563802648,3,0.10542117788116186,3,0.7876968341746435,3,0.5840852738017914,3,-0.7297848135291652,3,-0.5747662977861546,3,0.5329343553286571,3,0.2815558818750357,3,0.5696485089812103,3,0.2945654446323641
163,shimba_hills,Shimba Hills,reference,2023,wet,current,3,3,0,2,3,0.022475132667583636,3,0.0528387696029223,3,0.03798524329605114,3,0.32770151071548054,3,0.19061860104855888,3,0.08844018581895109,3,0.7849294902372727,3,0.5227436780054489,3,-0.7159225023764657,3,-0.563814586939861,3,0.49672607811124614,3,0.26456958399245306,3,0.5751518580441399,3,0.26342766629468856
164,shimba_hills,Shimba Hills,reference,2024,dry,current,4,4,0,3,4,0.03256177321418088,4,0.05781174119006863,4,0.04721862738873697,4,0.32144840209375736,4,0.20997755498364373,4,0.10971459750561491,4,0.7422717673446408,4,0.5032321355582634,4,-0.6913143610879061,4,-0.5730561615863595,4,0.4717519839269031,4,0.2168783329280008,4,0.5046800935699485,4,0.24367576475806318
165,shimba_hills,Shimba Hills,reference,2024,wet,current,3,3,0,2,3,0.018440058296037933,3,0.04624093207614923,3,0.0285616526543072,3,0.3501008812511772,3,0.1624469302668585,3,0.06747062808389921,3,0.8456782239648074,3,0.580247352046463,3,-0.7639567327830069,3,-0.5564032354170083,3,0.5460530858106826,3,0.3658355861962435,3,0.6751162626343715,3,0.2982227391439584
166,shimba_hills,Shimba Hills,reference,2025,dry,current,4,4,0,3,4,0.03575059965496158,4,0.06097931937054662,4,0.05985948655742467,4,0.3328336202210882,4,0.24334428028641975,4,0.1257956052920909,4,0.7057916869124259,4,0.4883839552089425,4,-0.6909587532389341,4,-0.5999728592006756,4,0.4603673079615171,4,0.167966939994869,4,0.4691080568814362,4,0.23690074219534235
167,shimba_hills,Shimba Hills,reference,2025,wet,current,3,3,0,2,3,0.021338454709612698,3,0.048482485758882164,3,0.030888852363549168,3,0.337974031880974,3,0.17271289799694856,3,0.07414364050001256,3,0.8287367207485463,3,0.5625300569459836,3,-0.7461511609247954,3,-0.5605581357351511,3,0.5260106470728353,3,0.3249952645145897,3,0.6399630268694028,3,0.2831731547862982
