,system:index,BLUE,EVI,GREEN,MNDWI,NBR,NDMI,NDVI,NDWI,NIR,NIRv,RED,SAVI,SWIR1,SWIR2,composite_stat,date,image_count,image_id,site_category,site_id,site_name,source_file,system_time_start,temporal_scale,year,period,has_any_missing_value,n_missing_values
0,0_4,0.0499140749545518,0.3517859316840808,0.074291289097096,-0.5476905857984495,0.2773509632303204,0.0325241136801798,0.5383213961300986,-0.5659829450036069,0.2766262457465155,0.1544128632340131,0.0814875987624108,0.3381282567955282,0.259273786882953,0.159069358597865,median,2014-01-01,17,0,degraded,degraded_1,degraded_1,degraded_1_aoi.geojson,1388534400000,annual,2014,baseline,False,0
1,1_4,0.0522124251255422,0.4252564696433654,0.0776590727433241,-0.5427779819208347,0.3421571712248991,0.0834961639549519,0.6085108187802407,-0.594339843537792,0.3086963039784322,0.1903734726527289,0.0751864518762518,0.3938453435655309,0.2666912680481854,0.1562948188299173,median,2015-01-01,18,1,degraded,degraded_1,degraded_1,degraded_1_aoi.geojson,1420070400000,annual,2015,baseline,False,0
2,2_4,0.0499708703328206,0.349578162502161,0.0736661626579033,-0.5448034541444464,0.2750768857943116,0.0365793052664084,0.5467529804381331,-0.5730699227512194,0.2735565200671235,0.1505764654366913,0.0792984763203282,0.3384051864290869,0.2546715418589476,0.160244776954272,median,2016-01-01,247,2,degraded,degraded_1,degraded_1,degraded_1_aoi.geojson,1451606400000,annual,2016,baseline,False,0
3,3_4,0.0531575025237936,0.3629268123595101,0.0790043280873436,-0.5511357849653433,0.2756808405781645,0.0390995572322511,0.5430991254802434,-0.5690312095309513,0.2880009794653643,0.1578248756545104,0.0860313481434799,0.3476545135823128,0.2738490033203211,0.1693820994462242,median,2017-01-01,312,3,degraded,degraded_1,degraded_1,degraded_1_aoi.geojson,1483228800000,annual,2017,baseline,False,0
4,4_4,0.0383989975178297,0.4548726440278897,0.066030001922808,-0.5401615294921008,0.4569701773707471,0.1724649119229847,0.6836705216331768,-0.6445518600016125,0.3039449829277953,0.2101928653572186,0.0583693571411923,0.4310428257173905,0.2214644015405771,0.1189588219013656,median,2018-01-01,670,4,degraded,degraded_1,degraded_1,degraded_1_aoi.geojson,1514764800000,annual,2018,current,False,0
5,5_4,0.0385599811215214,0.4305899080814281,0.0649135042301775,-0.5568342052784921,0.4124332454090182,0.1393102351555726,0.6485955873187806,-0.6399226438455378,0.3032413164825436,0.2006725684231113,0.0643432579359529,0.4122208459190815,0.2322745140539783,0.1285425753391134,median,2019-01-01,705,5,degraded,degraded_1,degraded_1,degraded_1_aoi.geojson,1546300800000,annual,2019,current,False,0
6,6_4,0.0357216921875727,0.4686520524216769,0.0616378105626252,-0.5453355991976299,0.4930621122959869,0.2034365170050137,0.7050971827638077,-0.6662003090513544,0.3089122080827857,0.2192700292945979,0.0535212298396495,0.4439289160787522,0.2098581395958607,0.108058331585326,median,2020-01-01,653,6,degraded,degraded_1,degraded_1,degraded_1_aoi.geojson,1577836800000,annual,2020,current,False,0
7,7_4,0.0441347859273761,0.360730020579069,0.0689543108772665,-0.5672631968462744,0.3272228485486891,0.057462823552295,0.5743700326392365,-0.6008893335110905,0.2751222063930453,0.1591708669450901,0.0749929788374587,0.3532894503147869,0.2518069544469304,0.1459298262480771,median,2021-01-01,75,7,degraded,degraded_1,degraded_1,degraded_1_aoi.geojson,1609459200000,annual,2021,current,False,0
8,8_4,0.0518677824779751,0.3726339739532804,0.078156549200578,-0.5428335460724504,0.3014918575643171,0.0550931324450023,0.5619714810995576,-0.579518942745942,0.2922926589521278,0.1643793594931922,0.0828957808931151,0.3577663987617951,0.2650167735864446,0.1619581562019299,median,2022-01-01,532,8,degraded,degraded_1,degraded_1,degraded_1_aoi.geojson,1640995200000,annual,2022,current,False,0
9,9_4,0.0534723975085069,0.3630618324621704,0.0814045803617209,-0.5603402190176789,0.2598241611079275,0.0128875326484137,0.5426567521213511,-0.5692262629005622,0.303518539073789,0.1597226804072929,0.0873612568754952,0.3487355915404976,0.2917634817974176,0.1764567802288724,median,2023-01-01,756,9,degraded,degraded_1,degraded_1,degraded_1_aoi.geojson,1672531200000,annual,2023,current,False,0
10,10_4,0.0730672041789027,0.2254932908025104,0.1165461409826131,-0.4970556874291293,0.1673194286017719,-0.0366622042402264,0.3358372948739574,-0.4719928544338025,0.321912988276698,0.1033755231661869,0.168099247774204,0.2312375408380899,0.3474336101011513,0.2346828383559408,median,2024-01-01,778,10,degraded,degraded_1,degraded_1,degraded_1_aoi.geojson,1704067200000,annual,2024,current,False,0
11,11_4,0.0657338224840348,0.2604014198473444,0.0991773493217732,-0.5280440133107528,0.1613908991366908,-0.0486902724836427,0.3918746528698669,-0.4837352637961611,0.2949123339393094,0.1123510773606307,0.1257350597818488,0.2596278819491084,0.3252707083508132,0.2220332651610499,median,2025-01-01,456,11,degraded,degraded_1,degraded_1,degraded_1_aoi.geojson,1735689600000,annual,2025,current,False,0
12,0_5,0.036144086110598,0.3741423338116589,0.0665182929092653,-0.5365579287681526,0.3577795158464424,0.1018114535746547,0.6073025314411241,-0.6007565032562162,0.2750548255342358,0.171484009588482,0.0656166590715319,0.3700253238926071,0.2231931621417619,0.1299072859435605,median,2014-01-01,17,0,degraded,degraded_2,degraded_2,degraded_2_aoi.geojson,1388534400000,annual,2014,baseline,False,0
13,1_5,0.0359260398898303,0.4143376393684497,0.0676929447847352,-0.5441775434704104,0.3968102535142415,0.1185516613455032,0.6524837278408899,-0.6201407337841476,0.2910432412667764,0.1920310693731246,0.060868581538288,0.4038434430631565,0.230709136404646,0.1275732617253579,median,2015-01-01,18,1,degraded,degraded_2,degraded_2,degraded_2_aoi.geojson,1420070400000,annual,2015,baseline,False,0
14,2_5,0.043303855018241,0.3544443296149921,0.0709774479388104,-0.5608832192509349,0.2585760189268796,0.020875278107961,0.5696966980602206,-0.57885272124845,0.2698768723200077,0.1562330034713096,0.0729347026144982,0.3474605403931361,0.2599885594548303,0.1622089286509639,median,2016-01-01,247,2,degraded,degraded_2,degraded_2,degraded_2_aoi.geojson,1451606400000,annual,2016,baseline,False,0
15,3_5,0.0362650071466458,0.3759964789110063,0.0671054698362954,-0.5638095664436653,0.3174872073437567,0.0565917474585699,0.6133641741134167,-0.5980076129925112,0.2725916360757838,0.1700455663485991,0.063199536702987,0.3692097562690964,0.2382333982807551,0.1400952125975327,median,2017-01-01,312,3,degraded,degraded_2,degraded_2,degraded_2_aoi.geojson,1483228800000,annual,2017,baseline,False,0
16,4_5,0.0373544742457554,0.4071716276320506,0.0668782859387209,-0.5613848690065784,0.3540792216603546,0.0925664043327935,0.6505075629270476,-0.6180466271846972,0.2821201870275225,0.1858943490636018,0.0605143564576934,0.3955438496488823,0.2420987844223368,0.1408379862654826,median,2018-01-01,670,4,degraded,degraded_2,degraded_2,degraded_2_aoi.geojson,1514764800000,annual,2018,current,False,0
17,5_5,0.0353711349197672,0.3658297623443229,0.0653384510606594,-0.5690672159398402,0.3264686727609724,0.0589055717292326,0.6072129868652902,-0.6103830420561709,0.2710109708505921,0.1649189137724342,0.0644574203240083,0.3619867571313053,0.2427925316942614,0.1384616376954195,median,2019-01-01,705,5,degraded,degraded_2,degraded_2,degraded_2_aoi.geojson,1546300800000,annual,2019,current,False,0
18,6_5,0.0258588836754294,0.4271191098937921,0.0598227211585651,-0.5480871064232412,0.4937353435173215,0.1959244756779476,0.710471193841634,-0.6595543586243762,0.2894312624409034,0.201744271584759,0.0488342723094042,0.4223362939258198,0.1928304495407493,0.0966077489516843,median,2020-01-01,653,6,degraded,degraded_2,degraded_2,degraded_2_aoi.geojson,1577836800000,annual,2020,current,False,0
19,7_5,0.0576571028752599,0.3010917641808918,0.0852464896404003,-0.5802581788743286,0.1135342935905899,-0.0838589426647093,0.4679227808196348,-0.5215635602530567,0.2731960847717742,0.12817279882926,0.0990861551044868,0.2961595096830135,0.3288465313460397,0.2256195172268573,median,2021-01-01,75,7,degraded,degraded_2,degraded_2,degraded_2_aoi.geojson,1609459200000,annual,2021,current,False,0
20,8_5,0.0735870948985504,0.2774323883156446,0.1039871958019025,-0.561820199964136,0.0108503114632433,-0.1344480028261445,0.4005030954472142,-0.4635200653822504,0.2899437205479227,0.115471462045031,0.1206775130886873,0.2671921101207122,0.375219460053692,0.2868183775696551,median,2022-01-01,532,8,degraded,degraded_2,degraded_2,degraded_2_aoi.geojson,1640995200000,annual,2022,current,False,0
21,9_5,0.0490242528373471,0.3658775399481493,0.0846984937275433,-0.5642236222924768,0.2519947671989827,0.0124584720268416,0.5480355159024112,-0.5703786922810677,0.3077839493068235,0.1703862667576818,0.0900130873138267,0.3622613915809337,0.3054868247632442,0.1921181228150897,median,2023-01-01,756,9,degraded,degraded_2,degraded_2,degraded_2_aoi.geojson,1672531200000,annual,2023,current,False,0
22,10_5,0.0334753573120513,0.4205594212115511,0.0681679128149686,-0.5544306790038693,0.4046981547507889,0.1167170333932812,0.660129632260342,-0.6264336904589886,0.3022154974510974,0.1982003840611019,0.0601081427628567,0.4123704900192811,0.2339815742056705,0.1252064418611241,median,2024-01-01,778,10,degraded,degraded_2,degraded_2,degraded_2_aoi.geojson,1704067200000,annual,2024,current,False,0
23,11_5,0.0422537092655095,0.3769984418285627,0.0732547239575864,-0.5720983384134977,0.3018899445221353,0.0264212431511712,0.5933358534450488,-0.5896158091048679,0.2865004683661495,0.1710671941504893,0.0733815991433736,0.3717597018754597,0.2728175502243226,0.1570138438747104,median,2025-01-01,456,11,degraded,degraded_2,degraded_2,degraded_2_aoi.geojson,1735689600000,annual,2025,current,False,0
24,0_6,0.0445203267490525,0.3737208066965811,0.0704599473427534,-0.5427696840059646,0.3047589039625842,0.0700995172920705,0.5735647075588939,-0.5837756994764416,0.2789987948120501,0.1665273249458109,0.0735219058289532,0.3593533366397818,0.2412004021011899,0.1479606701049,median,2014-01-01,17,0,degraded,degraded_3,degraded_3,degraded_3_aoi.geojson,1388534400000,annual,2014,baseline,False,0
25,1_6,0.0476445116248923,0.4373560755671212,0.0779277344654215,-0.5481235417577099,0.3486966487290369,0.0911885878775303,0.6211828834804055,-0.6081775815552295,0.3212222113684131,0.2012195823429931,0.0747112452662475,0.4117617489080528,0.2690570888232517,0.1563092901917575,median,2015-01-01,18,1,degraded,degraded_3,degraded_3,degraded_3_aoi.geojson,1420070400000,annual,2015,baseline,False,0
26,2_6,0.0439844506529562,0.3339036935444728,0.0703036197075801,-0.5731903592167072,0.2625204985668045,0.0196600134981013,0.5435400717656144,-0.5811726129270811,0.267685614084857,0.1460019759716335,0.0780592387649134,0.3321718532098639,0.2625060471365232,0.1597884388337631,median,2016-01-01,247,2,degraded,degraded_3,degraded_3,degraded_3_aoi.geojson,1451606400000,annual,2016,baseline,False,0
27,3_6,0.0478029069806707,0.336696673145496,0.0748931456242486,-0.5781222492126944,0.2210033742881038,-0.0090647588155346,0.5282711938539641,-0.5697344274682166,0.2754631441384249,0.1476455211162552,0.0847143976334877,0.3313034626056954,0.2827221213850578,0.1787338671605904,median,2017-01-01,312,3,degraded,degraded_3,degraded_3,degraded_3_aoi.geojson,1483228800000,annual,2017,baseline,False,0
28,4_6,0.0366884861679103,0.4208986911081901,0.0655839049555824,-0.562443076598716,0.381585937457481,0.1110450153289051,0.6567919448301586,-0.6323757823342149,0.2908793455775245,0.192806895369022,0.0602300490553889,0.4065658452290441,0.2336533631150651,0.1312736463549519,median,2018-01-01,670,4,degraded,degraded_3,degraded_3,degraded_3_aoi.geojson,1514764800000,annual,2018,current,False,0
29,5_6,0.0377180564631033,0.4135671800381517,0.0661438105422867,-0.5747613864293339,0.3636285076655323,0.0862822140602434,0.6300240323130035,-0.6299185419106617,0.2985222940645847,0.190728853223972,0.0666924620769012,0.4004294241902999,0.2501500239061349,0.1394985332789335,median,2019-01-01,705,5,degraded,degraded_3,degraded_3,degraded_3_aoi.geojson,1546300800000,annual,2019,current,False,0
30,6_6,0.0354644912615108,0.4535728493986168,0.0649275043270103,-0.5541743902867139,0.4438258510156813,0.1638498783693501,0.6846720176625681,-0.6503681465341937,0.3072159254702336,0.2131614654473446,0.0573983982889581,0.434630556412078,0.2247767326369742,0.1200735473835532,median,2020-01-01,653,6,degraded,degraded_3,degraded_3,degraded_3_aoi.geojson,1577836800000,annual,2020,current,False,0
31,7_6,0.0431555130734682,0.3448291356644509,0.0699298541407019,-0.5815731315141816,0.2625060980327121,0.0108610177983235,0.5521475983756475,-0.5891758285634867,0.2747124860149111,0.151553764091327,0.0783039134342915,0.3410617478650846,0.2696755158147049,0.1610740572217245,median,2021-01-01,75,7,degraded,degraded_3,degraded_3,degraded_3_aoi.geojson,1609459200000,annual,2021,current,False,0
32,8_6,0.0468777634695133,0.3761582581554508,0.0756443057180287,-0.5733762872387909,0.2756112034588862,0.0248879975384138,0.5731979194617892,-0.5887667919510899,0.2914398295333203,0.1694545939154313,0.078645599358678,0.3652694170711172,0.2777735752740439,0.1672012048692017,median,2022-01-01,532,8,degraded,degraded_3,degraded_3,degraded_3_aoi.geojson,1640995200000,annual,2022,current,False,0
33,9_6,0.0472618207868624,0.2812091212257718,0.0783477263671917,-0.5781803727449194,0.2039392331747494,-0.0478609325417792,0.4594452580708457,-0.5459717243222361,0.2696986703407738,0.1239411750717685,0.0981008411772019,0.2844082832478135,0.29178329981162,0.1768462725554382,median,2023-01-01,756,9,degraded,degraded_3,degraded_3,degraded_3_aoi.geojson,1672531200000,annual,2023,current,False,0
34,10_6,0.0513183243711889,0.2151314039318663,0.0899124351745307,-0.5673482490715854,0.1564865469819959,-0.0677112720773299,0.3424535815299541,-0.5152215082522371,0.2816283129918686,0.1003417045644742,0.1425377594214077,0.2273400061861692,0.3278671778329564,0.2100774979520412,median,2024-01-01,778,10,degraded,degraded_3,degraded_3,degraded_3_aoi.geojson,1704067200000,annual,2024,current,False,0
35,11_6,0.0526372514957271,0.2248824500434214,0.0902504282385641,-0.5792264974913105,0.1394002026326661,-0.0733869367206176,0.351390644441291,-0.5344919133554803,0.3051272756249861,0.1057217936386684,0.1483376314438987,0.2394289453202814,0.3537743815482886,0.2342713508878736,median,2025-01-01,456,11,degraded,degraded_3,degraded_3,degraded_3_aoi.geojson,1735689600000,annual,2025,current,False,0
36,0_0,0.0391221971528783,0.3686893721866848,0.0677001070259944,-0.5564666382034525,0.3408702578646541,0.0812052988390201,0.5887989167599043,-0.6081565548390937,0.2811605650128573,0.1684221950898215,0.0721919433849111,0.3657210773279112,0.2405863100710566,0.1398044543016904,median,2014-01-01,17,0,focal,ks_rehab,KS Rehab,ks_rehab_blocks.geojson,1388534400000,annual,2014,baseline,False,0
37,1_0,0.0340070703240484,0.4980395364976946,0.0681349486484055,-0.547170603547821,0.4906182136075,0.1929184259685958,0.7063695113050417,-0.6681238249859267,0.3459834685142099,0.2473586137585858,0.0589364985153669,0.474416718981339,0.23493305911539,0.1191343850019925,median,2015-01-01,18,1,focal,ks_rehab,KS Rehab,ks_rehab_blocks.geojson,1420070400000,annual,2015,baseline,False,0
38,2_0,0.0380132703855911,0.3749521999328137,0.066421348956277,-0.5668307018734836,0.3340523783001494,0.0817517128071947,0.6009638471536211,-0.6172972914269476,0.2822632678070363,0.171516390896072,0.0703640300025447,0.3715268550964647,0.2447730717692185,0.1449489110043434,median,2016-01-01,247,2,focal,ks_rehab,KS Rehab,ks_rehab_blocks.geojson,1451606400000,annual,2016,baseline,False,0
39,3_0,0.0399853552445696,0.3772282151952233,0.0682865977276591,-0.579654873400939,0.3181202754701602,0.0662784292994835,0.5978012460914255,-0.6182516033558021,0.2874079993118217,0.1724124645730378,0.0727190536195725,0.3721874174380425,0.2563220319774648,0.1525100551810782,median,2017-01-01,312,3,focal,ks_rehab,KS Rehab,ks_rehab_blocks.geojson,1483228800000,annual,2017,baseline,False,0
40,4_0,0.0288312950348865,0.4981294047462238,0.0592865646714286,-0.5549909736021262,0.5239169748440033,0.229452174754153,0.7441446317847944,-0.6913679056454539,0.3220478759892565,0.2442230043930005,0.0479405095224769,0.476624541356863,0.206096592545186,0.1037322167203655,median,2018-01-01,670,4,focal,ks_rehab,KS Rehab,ks_rehab_blocks.geojson,1514764800000,annual,2018,current,False,0
41,5_0,0.0360734082917876,0.370263882689873,0.065253255615966,-0.5857471887639044,0.3283410555668007,0.0738605223901005,0.5909156788805381,-0.6281379878273242,0.2883659687377672,0.1738337257909852,0.0753032283931882,0.3684390484083895,0.2532244052626202,0.1523005775117876,median,2019-01-01,705,5,focal,ks_rehab,KS Rehab,ks_rehab_blocks.geojson,1546300800000,annual,2019,current,False,0
42,6_0,0.036904928295034,0.3571064921490778,0.0706528282944422,-0.5639410901577416,0.3429636223278143,0.0944016408989148,0.5426123376800926,-0.6117828389254422,0.3040404272200723,0.174941000610584,0.0907453081711452,0.3513936479544768,0.2566394560347912,0.156086890583878,median,2020-01-01,653,6,focal,ks_rehab,KS Rehab,ks_rehab_blocks.geojson,1577836800000,annual,2020,current,False,0
43,7_0,0.0446820248927785,0.2428902193367157,0.076746367238655,-0.5855928879237684,0.1649253411127797,-0.0504642554586297,0.4059726181614383,-0.5469657054308715,0.2677170404444238,0.1109341419929836,0.1129031767375446,0.2543026869135503,0.2985123200401068,0.195866875543716,median,2021-01-01,75,7,focal,ks_rehab,KS Rehab,ks_rehab_blocks.geojson,1609459200000,annual,2021,current,False,0
44,8_0,0.0518194669915364,0.2646928517381365,0.089047682386271,-0.5526821745490997,0.1920342680862835,-0.0330303073970173,0.4100649539297692,-0.528589556629256,0.2956049172622001,0.1231687592761956,0.1235317359255279,0.2724879418873371,0.3108078719481111,0.199730218847462,median,2022-01-01,532,8,focal,ks_rehab,KS Rehab,ks_rehab_blocks.geojson,1640995200000,annual,2022,current,False,0
45,9_0,0.0496569775276815,0.2604533002320882,0.0890873017577294,-0.5362224105169744,0.2238918124305477,-0.0242041975600936,0.4117892875514257,-0.5261256824767278,0.2934295334590764,0.1218084898156066,0.1229017520647459,0.2726205855793815,0.3066479534304506,0.1864433653355968,median,2023-01-01,756,9,focal,ks_rehab,KS Rehab,ks_rehab_blocks.geojson,1672531200000,annual,2023,current,False,0
46,10_0,0.0414534945761573,0.3790569576292879,0.0813112855745486,-0.522794246003326,0.3706330579714134,0.0991424482164538,0.5660932184795388,-0.5835818159852622,0.3172729647803198,0.185223771958634,0.0884063322548488,0.3771254453659208,0.263032475674926,0.1477196846892164,median,2024-01-01,778,10,focal,ks_rehab,KS Rehab,ks_rehab_blocks.geojson,1704067200000,annual,2024,current,False,0
47,11_0,0.0401477851480302,0.3365705780703978,0.0742748418838501,-0.5611364130919522,0.3145285076436364,0.0279010405406023,0.5384230407623779,-0.5781827253591861,0.2886315127748379,0.1570448804346804,0.0833203443765941,0.3446876703116836,0.2662429485819213,0.1486192849286419,median,2025-01-01,456,11,focal,ks_rehab,KS Rehab,ks_rehab_blocks.geojson,1735689600000,annual,2025,current,False,0
48,0_1,0.0184949158316849,0.527752767862699,0.0427205877601427,-0.5407217237991861,0.6823169372917504,0.3756315153850456,0.8277250408159936,-0.7605265317829394,0.3157819795798955,0.2623085768752053,0.0296102146121508,0.5065339593505026,0.1437508682134919,0.0599501586076418,median,2014-01-01,17,0,reference,buda,Buda,buda_aoi.geojson,1388534400000,annual,2014,baseline,False,0
49,1_1,0.0201799660369859,0.5975474519323627,0.0453584591390015,-0.5533591248168841,0.7007878797223654,0.3828201560004127,0.8539288610306638,-0.7710464041935542,0.3547095042243001,0.3046322666759629,0.0275212058074345,0.5542736585772037,0.1586030343905625,0.0624291028103791,median,2015-01-01,18,1,reference,buda,Buda,buda_aoi.geojson,1420070400000,annual,2015,baseline,False,0
50,2_1,0.0182751687876,0.5401936262010155,0.0409291371820957,-0.5892510048306989,0.6680604140001044,0.3466662305019095,0.8417898658246382,-0.7706601282093215,0.3175265028487502,0.2672852651154362,0.0271608733370075,0.5141569340065654,0.1576314749322649,0.0642201614221325,median,2016-01-01,247,2,reference,buda,Buda,buda_aoi.geojson,1451606400000,annual,2016,baseline,False,0
51,3_1,0.0178719026532446,0.5363095176049059,0.0417057564586663,-0.5740199062374759,0.6673478668322301,0.3477152482337538,0.8319836806294613,-0.7654004549084779,0.3207174697261473,0.2690320258925586,0.0289291446470967,0.5142133928002606,0.1542061139667284,0.0643311260678879,median,2017-01-01,312,3,reference,buda,Buda,buda_aoi.geojson,1483228800000,annual,2017,baseline,False,0
52,4_1,0.0162385584061673,0.5802449809709972,0.0386559787847291,-0.580263806972685,0.7210113835673945,0.4004125134908857,0.8781683570827044,-0.7930933990858458,0.3320099430145413,0.2916768845179616,0.022098247113009,0.5447936841793337,0.1427714458737664,0.0543429617351909,median,2018-01-01,670,4,reference,buda,Buda,buda_aoi.geojson,1514764800000,annual,2018,current,False,0
53,5_1,0.0160052570632005,0.5635311735704421,0.0388343666378892,-0.580365043024953,0.7026388720171263,0.3804934151057467,0.8648758282465732,-0.7876637229468796,0.3287885870612935,0.2837900119815701,0.0234601733556567,0.5345205625048064,0.1468274939389429,0.0573790031787808,median,2019-01-01,705,5,reference,buda,Buda,buda_aoi.geojson,1546300800000,annual,2019,current,False,0
54,6_1,0.017297751803649,0.5867992862472194,0.0397132718810964,-0.5854836072942937,0.7197933645066978,0.4000566394525819,0.8721726455413223,-0.7917121609111982,0.3418656037116512,0.2980543119070328,0.0232736936510297,0.5511287577054222,0.147504482929507,0.0559554225242914,median,2020-01-01,653,6,reference,buda,Buda,buda_aoi.geojson,1577836800000,annual,2020,current,False,0
55,7_1,0.0164655058546561,0.5512636109391094,0.0401381982526135,-0.5848685052699601,0.6798888443929944,0.3592573960122074,0.8485132860949595,-0.7790060570826207,0.3258656203441971,0.2766899379054577,0.0263242018473389,0.5251858005342301,0.154005424200642,0.0623140525106498,median,2021-01-01,75,7,reference,buda,Buda,buda_aoi.geojson,1609459200000,annual,2021,current,False,0
56,8_1,0.0201096615709085,0.608056128225199,0.0432103442386957,-0.5657869005278399,0.7056110726141632,0.3873223959888111,0.8685568616652665,-0.7790198173916988,0.3534749086650589,0.3075815171155321,0.0246483251681065,0.5604845779691284,0.156364514528725,0.0614473043750665,median,2022-01-01,532,8,reference,buda,Buda,buda_aoi.geojson,1640995200000,annual,2022,current,False,0
57,9_1,0.0153833039884583,0.5720010751134743,0.0397137207764859,-0.5734428058232813,0.7131165935615508,0.3986916031010129,0.8668802102916476,-0.7894527948385573,0.3382344007149639,0.2919757814017602,0.0239883640018271,0.5437779027441595,0.1457056511628636,0.0565541087627062,median,2023-01-01,756,9,reference,buda,Buda,buda_aoi.geojson,1672531200000,annual,2023,current,False,0
58,10_1,0.015019299541937,0.5931110294772863,0.0383829648678721,-0.5725140425154901,0.7313656894808972,0.4235665174136359,0.8809960499807182,-0.7997436289461604,0.344971861399293,0.3041989027458517,0.0215505491097527,0.5587828462585602,0.1407574591337038,0.0533320154245254,median,2024-01-01,778,10,reference,buda,Buda,buda_aoi.geojson,1704067200000,annual,2024,current,False,0
59,11_1,0.0171291150490227,0.5750556569652288,0.0409153760946047,-0.5662359081358161,0.7208956132701608,0.4063920450414188,0.8633978315034794,-0.7856107119123157,0.3379482796708897,0.2920822544471415,0.0247395870832958,0.5440673260164625,0.1450162645344878,0.0554907547404066,median,2025-01-01,456,11,reference,buda,Buda,buda_aoi.geojson,1735689600000,annual,2025,current,False,0
60,0_2,0.0390070203837171,0.4902548246922039,0.062690375072356,-0.5087897109568724,0.521733247123697,0.2375914826804939,0.7086810168874715,-0.6600550317455642,0.3138171544468331,0.2290883557838774,0.0527653253660415,0.4506791063852606,0.1969122217729499,0.1017033092020614,median,2014-01-01,17,0,reference,gogoni,Gogoni,gogoni_aoi.geojson,1388534400000,annual,2014,baseline,False,0
61,1_2,0.0431793735438568,0.5199615969420527,0.0690089839708351,-0.4980490647096374,0.5367572935962988,0.2409388719554261,0.7165015973567144,-0.6546752297767499,0.33415983031839,0.2430967254301295,0.0548552276182611,0.4698901144274535,0.2078421017250743,0.1033919116445826,median,2015-01-01,18,1,reference,gogoni,Gogoni,gogoni_aoi.geojson,1420070400000,annual,2015,baseline,False,0
62,2_2,0.0376030071260222,0.4532320482130467,0.060806692310885,-0.5331510553051015,0.4875989056386876,0.202672396725574,0.6917269820339896,-0.6559813237982043,0.2952106505848062,0.2080668120818732,0.0533717135479217,0.4249656783901104,0.2029276280079854,0.1067939763534064,median,2016-01-01,247,2,reference,gogoni,Gogoni,gogoni_aoi.geojson,1451606400000,annual,2016,baseline,False,0
63,3_2,0.0388296926442687,0.4817719355273351,0.0632667448132493,-0.5231430332319228,0.5107185096586094,0.2235132435958492,0.7090359159540587,-0.6609405704911089,0.3116976136506143,0.2236009325345028,0.0531322283245878,0.4468272036072534,0.2045235969430456,0.1066402842732569,median,2017-01-01,312,3,reference,gogoni,Gogoni,gogoni_aoi.geojson,1483228800000,annual,2017,baseline,False,0
64,4_2,0.0333001416546277,0.5173558173395063,0.0582437455956076,-0.5252156989899042,0.574759357571089,0.2697951635085834,0.7604613471759112,-0.6909322418268451,0.3184651332798668,0.2440616344833108,0.0436892815111257,0.4772186050029292,0.1876896413379802,0.0895599395223102,median,2018-01-01,670,4,reference,gogoni,Gogoni,gogoni_aoi.geojson,1514764800000,annual,2018,current,False,0
65,5_2,0.0340536046059621,0.5119128444028775,0.0588943318288665,-0.5269415005194711,0.5506924013011067,0.2558157701501147,0.7435694044791671,-0.6845852949014477,0.3209724449392399,0.2422427280251846,0.0470700232208262,0.472095718749826,0.1956587375555693,0.0966559964224842,median,2019-01-01,705,5,reference,gogoni,Gogoni,gogoni_aoi.geojson,1546300800000,annual,2019,current,False,0
66,6_2,0.0322032001047904,0.5386264311766874,0.0565964098763713,-0.5245175145481765,0.6070912801435439,0.3040867858225005,0.7776675179058204,-0.7051373519299617,0.3277727567891793,0.2572498225130207,0.0411369020570269,0.4944330787595544,0.1801321190264836,0.082984065059373,median,2020-01-01,653,6,reference,gogoni,Gogoni,gogoni_aoi.geojson,1577836800000,annual,2020,current,False,0
67,7_2,0.0364355387539658,0.4648358153492235,0.0606671057112165,-0.5383253692252016,0.5002794241750598,0.2059122475780027,0.6996659253373836,-0.6612551653036777,0.3044622845892343,0.2164219880030564,0.0532258313283446,0.4366060604203875,0.207409910111346,0.1066648869909373,median,2021-01-01,75,7,reference,gogoni,Gogoni,gogoni_aoi.geojson,1609459200000,annual,2021,current,False,0
68,8_2,0.0407998864397604,0.4778331404392075,0.065883804064961,-0.515251873245585,0.5007178333012361,0.2156719881949207,0.698731322196352,-0.6530995830405971,0.3143244631606479,0.2223597591168722,0.0562359168343626,0.4435119488792638,0.2095905881567978,0.1106301051341544,median,2022-01-01,532,8,reference,gogoni,Gogoni,gogoni_aoi.geojson,1640995200000,annual,2022,current,False,0
69,9_2,0.0381470967495752,0.5015734099166178,0.0627486513577911,-0.5268374081131665,0.5233985474928389,0.233370653380651,0.7200514504961575,-0.6674385381386504,0.3219869970290013,0.2350772509935886,0.0520658273161357,0.4608812515517456,0.2056913076096735,0.1054934077488741,median,2023-01-01,756,9,reference,gogoni,Gogoni,gogoni_aoi.geojson,1672531200000,annual,2023,current,False,0
70,10_2,0.0335475371553305,0.5325555654371892,0.058757730375099,-0.5188014959628788,0.5873351171959191,0.2881692172952114,0.7618761995355902,-0.6970800113111869,0.3315400023921519,0.2558687838685329,0.0444597450930773,0.4900528501554508,0.1871343988001748,0.0887623611737787,median,2024-01-01,778,10,reference,gogoni,Gogoni,gogoni_aoi.geojson,1704067200000,annual,2024,current,False,0
71,11_2,0.0372876109326667,0.5003374783313254,0.0607465702754677,-0.5186117268839596,0.553905024818109,0.2591410801891791,0.7309414252778819,-0.6763158526612865,0.3154316080165633,0.2326832799376093,0.0492355164837517,0.4604478301108287,0.1929650472338303,0.0951428183692225,median,2025-01-01,456,11,reference,gogoni,Gogoni,gogoni_aoi.geojson,1735689600000,annual,2025,current,False,0
72,0_3,0.0237133596659284,0.4746870662935104,0.0508703370341052,-0.5581119488519352,0.5593729296809482,0.2524139072338322,0.7532827753150186,-0.7065768064608724,0.3018853038612988,0.231325141989919,0.0416679352917813,0.4598727607946477,0.1810812870312105,0.0855204324984201,median,2014-01-01,17,0,reference,shimba_hills,Shimba Hills,shimba_hills_aoi.geojson,1388534400000,annual,2014,baseline,False,0
73,1_3,0.0243784029408207,0.5627894400882517,0.0512189526029255,-0.5501026590138846,0.6317827845564113,0.310723088608919,0.821234527834228,-0.7322063821083,0.336329408851805,0.278791533732748,0.0324342628842704,0.5214546750562575,0.1777000325488116,0.0761685759891261,median,2015-01-01,18,1,reference,shimba_hills,Shimba Hills,shimba_hills_aoi.geojson,1420070400000,annual,2015,baseline,False,0
74,2_3,0.0236813747288301,0.4465949410442127,0.0506877230877276,-0.5670773660977063,0.5250114951407647,0.2196170183920497,0.7349470086034914,-0.696064947620029,0.2871465747594147,0.2147785617058995,0.0431146900469689,0.4384272174966822,0.1860504663993387,0.0905660890680508,median,2016-01-01,247,2,reference,shimba_hills,Shimba Hills,shimba_hills_aoi.geojson,1451606400000,annual,2016,baseline,False,0
75,3_3,0.0207531694449872,0.5221002405511295,0.0489607096297958,-0.5697850194656349,0.6129485661021997,0.2955379654390133,0.8055147658697653,-0.7375312245400087,0.3226155659956667,0.2611119784199234,0.0348445546143572,0.5018478020670882,0.1786196793672665,0.0794638711849956,median,2017-01-01,312,3,reference,shimba_hills,Shimba Hills,shimba_hills_aoi.geojson,1483228800000,annual,2017,baseline,False,0
76,4_3,0.0195367148411119,0.5684708107944447,0.0462909001859004,-0.5719273268542152,0.6629777578566282,0.3378800196909848,0.8457544349546652,-0.7582512372366643,0.3361524248079275,0.2857100175190632,0.0284020716987853,0.533964852656191,0.1695423912887906,0.0695693103670936,median,2018-01-01,670,4,reference,shimba_hills,Shimba Hills,shimba_hills_aoi.geojson,1514764800000,annual,2018,current,False,0
77,5_3,0.0202246098882537,0.5291223606939376,0.0474067062613934,-0.5762022077277265,0.6084375583063156,0.2925198047164817,0.806771643688073,-0.740585012427947,0.3250375297786868,0.2652170073270225,0.0332850056709192,0.5049428025793044,0.1771133150820971,0.0782266434502641,median,2019-01-01,705,5,reference,shimba_hills,Shimba Hills,shimba_hills_aoi.geojson,1546300800000,annual,2019,current,False,0
78,6_3,0.0191772926797392,0.564662278309776,0.0465174474227721,-0.5598281534602769,0.6655650151599006,0.3488338371951285,0.8400962212085543,-0.7572006308403062,0.3388622445896637,0.2855530017969983,0.0292602312468628,0.5332324501871952,0.1645767590681211,0.0682521500623968,median,2020-01-01,653,6,reference,shimba_hills,Shimba Hills,shimba_hills_aoi.geojson,1577836800000,annual,2020,current,False,0
79,7_3,0.021411757605886,0.4729153852836108,0.048730639798678,-0.5779995654996837,0.5515247147494005,0.243532847956697,0.764763828575489,-0.7155343446400994,0.2979896390362883,0.230943313807548,0.038771255357762,0.461402089698161,0.1827132123336534,0.0869571138470099,median,2021-01-01,75,7,reference,shimba_hills,Shimba Hills,shimba_hills_aoi.geojson,1609459200000,annual,2021,current,False,0
80,8_3,0.0231383692030964,0.5139324083196816,0.0503993597738895,-0.5701048248279581,0.5777405655685606,0.2658025462594587,0.7864802508597553,-0.722421045998451,0.316887384065676,0.2523623806797701,0.0379444736739796,0.4894597021984599,0.1862734267124756,0.086986546436855,median,2022-01-01,532,8,reference,shimba_hills,Shimba Hills,shimba_hills_aoi.geojson,1640995200000,annual,2022,current,False,0
81,9_3,0.0220947835833317,0.5132794276919774,0.0500734186063383,-0.573925954281402,0.5808735527785699,0.2666372987106949,0.7887749275604189,-0.7242829070206208,0.3189278360976328,0.2547259238023073,0.0368058224169624,0.4906532463159587,0.186321301277385,0.0852468838123424,median,2023-01-01,756,9,reference,shimba_hills,Shimba Hills,shimba_hills_aoi.geojson,1672531200000,annual,2023,current,False,0
82,10_3,0.0187314376027834,0.5748666657415377,0.0464720441858704,-0.5637280460370978,0.6753982343072231,0.3629872403249579,0.8449841190853046,-0.7632146182771131,0.3459831409066581,0.294158930885775,0.0287999005133141,0.5428382736910156,0.1648005449608942,0.0679675889759162,median,2024-01-01,778,10,reference,shimba_hills,Shimba Hills,shimba_hills_aoi.geojson,1704067200000,annual,2024,current,False,0
83,11_3,0.0203119318023519,0.523025467804991,0.0482277118436212,-0.5625735631397853,0.6262934818629126,0.3121032584458303,0.8078070329745198,-0.7369351830612522,0.3214968789912767,0.260907182669028,0.0340164310823988,0.5024713532789141,0.1708896783259764,0.0751594301698739,median,2025-01-01,456,11,reference,shimba_hills,Shimba Hills,shimba_hills_aoi.geojson,1735689600000,annual,2025,current,False,0
